stem,trufor_score,map_npy_path
test_attack_digital_3_huawei_arabic-024_03,0.736433744430542,E:\PycharmProjects\DocVerify\sota_comparison\trufor_output\test_attack_digital_3_huawei_arabic-024_03_map.npy
test_attack_digital_3_huawei_arabic-139_03,0.8485921025276184,E:\PycharmProjects\DocVerify\sota_comparison\trufor_output\test_attack_digital_3_huawei_arabic-139_03_map.npy
test_attack_digital_3_huawei_arabic-NF-1040,0.8190785050392151,E:\PycharmProjects\DocVerify\sota_comparison\trufor_output\test_attack_digital_3_huawei_arabic-NF-1040_map.npy
test_attack_digital_3_huawei_arabic-NM-1029,0.9215821027755737,E:\PycharmProjects\DocVerify\sota_comparison\trufor_output\test_attack_digital_3_huawei_arabic-NM-1029_map.npy
test_attack_digital_3_huawei_chinese-001_03,0.9095175862312317,E:\PycharmProjects\DocVerify\sota_comparison\trufor_output\test_attack_digital_3_huawei_chinese-001_03_map.npy
test_attack_digital_3_huawei_chinese-01_0019_000-06d51424_0,0.7329341769218445,E:\PycharmProjects\DocVerify\sota_comparison\trufor_output\test_attack_digital_3_huawei_chinese-01_0019_000-06d51424_0_map.npy
test_attack_digital_3_huawei_chinese-01_0034_000-9b26d58c_0,0.5650915503501892,E:\PycharmProjects\DocVerify\sota_comparison\trufor_output\test_attack_digital_3_huawei_chinese-01_0034_000-9b26d58c_0_map.npy
test_attack_digital_3_huawei_chinese-081_03,0.7837064862251282,E:\PycharmProjects\DocVerify\sota_comparison\trufor_output\test_attack_digital_3_huawei_chinese-081_03_map.npy
test_attack_digital_3_huawei_chinese-102_03,0.8216308951377869,E:\PycharmProjects\DocVerify\sota_comparison\trufor_output\test_attack_digital_3_huawei_chinese-102_03_map.npy
test_attack_digital_3_huawei_chinese-142_03,0.8666176795959473,E:\PycharmProjects\DocVerify\sota_comparison\trufor_output\test_attack_digital_3_huawei_chinese-142_03_map.npy
test_attack_digital_3_huawei_chinese-NF-1101,0.8444113731384277,E:\PycharmProjects\DocVerify\sota_comparison\trufor_output\test_attack_digital_3_huawei_chinese-NF-1101_map.npy
test_attack_digital_3_huawei_chinese-NM-1092,0.7532090544700623,E:\PycharmProjects\DocVerify\sota_comparison\trufor_output\test_attack_digital_3_huawei_chinese-NM-1092_map.npy
test_attack_digital_3_huawei_french-01_0070_000-a4a25cda_0,0.7849087715148926,E:\PycharmProjects\DocVerify\sota_comparison\trufor_output\test_attack_digital_3_huawei_french-01_0070_000-a4a25cda_0_map.npy
test_attack_digital_3_huawei_french-091_03,0.5496688485145569,E:\PycharmProjects\DocVerify\sota_comparison\trufor_output\test_attack_digital_3_huawei_french-091_03_map.npy
test_attack_digital_3_huawei_french-097_03,0.6075181365013123,E:\PycharmProjects\DocVerify\sota_comparison\trufor_output\test_attack_digital_3_huawei_french-097_03_map.npy
test_attack_digital_3_huawei_french-128_03,0.8597147464752197,E:\PycharmProjects\DocVerify\sota_comparison\trufor_output\test_attack_digital_3_huawei_french-128_03_map.npy
test_attack_digital_3_huawei_french-NF-1063,0.47878625988960266,E:\PycharmProjects\DocVerify\sota_comparison\trufor_output\test_attack_digital_3_huawei_french-NF-1063_map.npy
test_attack_digital_3_huawei_indian-014_03,0.6913979649543762,E:\PycharmProjects\DocVerify\sota_comparison\trufor_output\test_attack_digital_3_huawei_indian-014_03_map.npy
test_attack_digital_3_huawei_indian-037_03,0.7135353088378906,E:\PycharmProjects\DocVerify\sota_comparison\trufor_output\test_attack_digital_3_huawei_indian-037_03_map.npy
test_attack_digital_3_huawei_persian-01_0092_000-fad05fcd_1,0.779279887676239,E:\PycharmProjects\DocVerify\sota_comparison\trufor_output\test_attack_digital_3_huawei_persian-01_0092_000-fad05fcd_1_map.npy
test_attack_digital_3_huawei_persian-NF-1031,0.7806415557861328,E:\PycharmProjects\DocVerify\sota_comparison\trufor_output\test_attack_digital_3_huawei_persian-NF-1031_map.npy
test_attack_digital_3_huawei_persian-NF-1043,0.3532906472682953,E:\PycharmProjects\DocVerify\sota_comparison\trufor_output\test_attack_digital_3_huawei_persian-NF-1043_map.npy
test_attack_digital_3_huawei_persian-NM-1035,0.76621413230896,E:\PycharmProjects\DocVerify\sota_comparison\trufor_output\test_attack_digital_3_huawei_persian-NM-1035_map.npy
test_attack_digital_3_huawei_portugal-105_03,0.3132840096950531,E:\PycharmProjects\DocVerify\sota_comparison\trufor_output\test_attack_digital_3_huawei_portugal-105_03_map.npy
test_attack_digital_3_huawei_portugal-NF-1024,0.2983897030353546,E:\PycharmProjects\DocVerify\sota_comparison\trufor_output\test_attack_digital_3_huawei_portugal-NF-1024_map.npy
test_attack_digital_3_huawei_portugal-NF-1086,0.30433326959609985,E:\PycharmProjects\DocVerify\sota_comparison\trufor_output\test_attack_digital_3_huawei_portugal-NF-1086_map.npy
test_attack_digital_3_huawei_russian-01_0030_000-0bc18d73_0,0.4823286533355713,E:\PycharmProjects\DocVerify\sota_comparison\trufor_output\test_attack_digital_3_huawei_russian-01_0030_000-0bc18d73_0_map.npy
test_attack_digital_3_huawei_russian-01_0075_000-9bed189a_0,0.2857281565666199,E:\PycharmProjects\DocVerify\sota_comparison\trufor_output\test_attack_digital_3_huawei_russian-01_0075_000-9bed189a_0_map.npy
test_attack_digital_3_huawei_russian-140_03,0.6445763111114502,E:\PycharmProjects\DocVerify\sota_comparison\trufor_output\test_attack_digital_3_huawei_russian-140_03_map.npy
test_attack_digital_3_huawei_turkiye-01_0074_000-c54807ec_1,0.6069350838661194,E:\PycharmProjects\DocVerify\sota_comparison\trufor_output\test_attack_digital_3_huawei_turkiye-01_0074_000-c54807ec_1_map.npy
test_attack_digital_3_huawei_turkiye-01_0088_000-3739c168_0,0.6353299617767334,E:\PycharmProjects\DocVerify\sota_comparison\trufor_output\test_attack_digital_3_huawei_turkiye-01_0088_000-3739c168_0_map.npy
test_attack_digital_3_huawei_turkiye-041_03,0.5678242444992065,E:\PycharmProjects\DocVerify\sota_comparison\trufor_output\test_attack_digital_3_huawei_turkiye-041_03_map.npy
test_attack_digital_3_huawei_turkiye-121_03,0.8444182276725769,E:\PycharmProjects\DocVerify\sota_comparison\trufor_output\test_attack_digital_3_huawei_turkiye-121_03_map.npy
test_attack_digital_3_huawei_ukraine-NF-1005,0.30059635639190674,E:\PycharmProjects\DocVerify\sota_comparison\trufor_output\test_attack_digital_3_huawei_ukraine-NF-1005_map.npy
test_attack_digital_3_huawei_ukraine-NF-1057,0.5231148600578308,E:\PycharmProjects\DocVerify\sota_comparison\trufor_output\test_attack_digital_3_huawei_ukraine-NF-1057_map.npy
test_attack_digital_3_huawei_usa-016_03,0.8037765026092529,E:\PycharmProjects\DocVerify\sota_comparison\trufor_output\test_attack_digital_3_huawei_usa-016_03_map.npy
test_attack_digital_3_huawei_usa-136_03,0.9066030979156494,E:\PycharmProjects\DocVerify\sota_comparison\trufor_output\test_attack_digital_3_huawei_usa-136_03_map.npy
test_attack_digital_3_huawei_usa-137_03,0.7721520662307739,E:\PycharmProjects\DocVerify\sota_comparison\trufor_output\test_attack_digital_3_huawei_usa-137_03_map.npy
test_attack_digital_3_huawei_usa-NF-1017,0.5351632237434387,E:\PycharmProjects\DocVerify\sota_comparison\trufor_output\test_attack_digital_3_huawei_usa-NF-1017_map.npy
test_attack_digital_3_huawei_usa-NF-1093,0.629962682723999,E:\PycharmProjects\DocVerify\sota_comparison\trufor_output\test_attack_digital_3_huawei_usa-NF-1093_map.npy
test_attack_digital_3_iphone15pro_arabic-024_03,0.21544858813285828,E:\PycharmProjects\DocVerify\sota_comparison\trufor_output\test_attack_digital_3_iphone15pro_arabic-024_03_map.npy
test_attack_digital_3_iphone15pro_arabic-139_03,0.27614399790763855,E:\PycharmProjects\DocVerify\sota_comparison\trufor_output\test_attack_digital_3_iphone15pro_arabic-139_03_map.npy
test_attack_digital_3_iphone15pro_arabic-NF-1040,0.22615143656730652,E:\PycharmProjects\DocVerify\sota_comparison\trufor_output\test_attack_digital_3_iphone15pro_arabic-NF-1040_map.npy
test_attack_digital_3_iphone15pro_arabic-NM-1029,0.21100006997585297,E:\PycharmProjects\DocVerify\sota_comparison\trufor_output\test_attack_digital_3_iphone15pro_arabic-NM-1029_map.npy
test_attack_digital_3_iphone15pro_chinese-001_03,0.8512983322143555,E:\PycharmProjects\DocVerify\sota_comparison\trufor_output\test_attack_digital_3_iphone15pro_chinese-001_03_map.npy
test_attack_digital_3_iphone15pro_chinese-01_0019_000-06d51424_0,0.7525575757026672,E:\PycharmProjects\DocVerify\sota_comparison\trufor_output\test_attack_digital_3_iphone15pro_chinese-01_0019_000-06d51424_0_map.npy
test_attack_digital_3_iphone15pro_chinese-01_0034_000-9b26d58c_0,0.6570067405700684,E:\PycharmProjects\DocVerify\sota_comparison\trufor_output\test_attack_digital_3_iphone15pro_chinese-01_0034_000-9b26d58c_0_map.npy
test_attack_digital_3_iphone15pro_chinese-081_03,0.4979166090488434,E:\PycharmProjects\DocVerify\sota_comparison\trufor_output\test_attack_digital_3_iphone15pro_chinese-081_03_map.npy
test_attack_digital_3_iphone15pro_chinese-102_03,0.3959265351295471,E:\PycharmProjects\DocVerify\sota_comparison\trufor_output\test_attack_digital_3_iphone15pro_chinese-102_03_map.npy
test_attack_digital_3_iphone15pro_chinese-142_03,0.6773965954780579,E:\PycharmProjects\DocVerify\sota_comparison\trufor_output\test_attack_digital_3_iphone15pro_chinese-142_03_map.npy
test_attack_digital_3_iphone15pro_chinese-NF-1101,0.6992514729499817,E:\PycharmProjects\DocVerify\sota_comparison\trufor_output\test_attack_digital_3_iphone15pro_chinese-NF-1101_map.npy
test_attack_digital_3_iphone15pro_chinese-NM-1092,0.4324370324611664,E:\PycharmProjects\DocVerify\sota_comparison\trufor_output\test_attack_digital_3_iphone15pro_chinese-NM-1092_map.npy
test_attack_digital_3_iphone15pro_french-01_0070_000-a4a25cda_0,0.29027625918388367,E:\PycharmProjects\DocVerify\sota_comparison\trufor_output\test_attack_digital_3_iphone15pro_french-01_0070_000-a4a25cda_0_map.npy
test_attack_digital_3_iphone15pro_french-091_03,0.4080173373222351,E:\PycharmProjects\DocVerify\sota_comparison\trufor_output\test_attack_digital_3_iphone15pro_french-091_03_map.npy
test_attack_digital_3_iphone15pro_french-097_03,0.217170849442482,E:\PycharmProjects\DocVerify\sota_comparison\trufor_output\test_attack_digital_3_iphone15pro_french-097_03_map.npy
test_attack_digital_3_iphone15pro_french-128_03,0.3011966645717621,E:\PycharmProjects\DocVerify\sota_comparison\trufor_output\test_attack_digital_3_iphone15pro_french-128_03_map.npy
test_attack_digital_3_iphone15pro_french-NF-1063,0.23090146481990814,E:\PycharmProjects\DocVerify\sota_comparison\trufor_output\test_attack_digital_3_iphone15pro_french-NF-1063_map.npy
test_attack_digital_3_iphone15pro_indian-014_03,0.14653843641281128,E:\PycharmProjects\DocVerify\sota_comparison\trufor_output\test_attack_digital_3_iphone15pro_indian-014_03_map.npy
test_attack_digital_3_iphone15pro_indian-037_03,0.2543575167655945,E:\PycharmProjects\DocVerify\sota_comparison\trufor_output\test_attack_digital_3_iphone15pro_indian-037_03_map.npy
test_attack_digital_3_iphone15pro_persian-01_0092_000-fad05fcd_1,0.2293747216463089,E:\PycharmProjects\DocVerify\sota_comparison\trufor_output\test_attack_digital_3_iphone15pro_persian-01_0092_000-fad05fcd_1_map.npy
test_attack_digital_3_iphone15pro_persian-NF-1031,0.21475467085838318,E:\PycharmProjects\DocVerify\sota_comparison\trufor_output\test_attack_digital_3_iphone15pro_persian-NF-1031_map.npy
test_attack_digital_3_iphone15pro_persian-NF-1043,0.1865922510623932,E:\PycharmProjects\DocVerify\sota_comparison\trufor_output\test_attack_digital_3_iphone15pro_persian-NF-1043_map.npy
test_attack_digital_3_iphone15pro_persian-NM-1035,0.20366241037845612,E:\PycharmProjects\DocVerify\sota_comparison\trufor_output\test_attack_digital_3_iphone15pro_persian-NM-1035_map.npy
test_attack_digital_3_iphone15pro_portugal-105_03,0.45758193731307983,E:\PycharmProjects\DocVerify\sota_comparison\trufor_output\test_attack_digital_3_iphone15pro_portugal-105_03_map.npy
test_attack_digital_3_iphone15pro_portugal-NF-1024,0.29045572876930237,E:\PycharmProjects\DocVerify\sota_comparison\trufor_output\test_attack_digital_3_iphone15pro_portugal-NF-1024_map.npy
test_attack_digital_3_iphone15pro_portugal-NF-1086,0.3022468090057373,E:\PycharmProjects\DocVerify\sota_comparison\trufor_output\test_attack_digital_3_iphone15pro_portugal-NF-1086_map.npy
test_attack_digital_3_iphone15pro_russian-01_0030_000-0bc18d73_0,0.29516199231147766,E:\PycharmProjects\DocVerify\sota_comparison\trufor_output\test_attack_digital_3_iphone15pro_russian-01_0030_000-0bc18d73_0_map.npy
test_attack_digital_3_iphone15pro_russian-01_0075_000-9bed189a_0,0.24064169824123383,E:\PycharmProjects\DocVerify\sota_comparison\trufor_output\test_attack_digital_3_iphone15pro_russian-01_0075_000-9bed189a_0_map.npy
test_attack_digital_3_iphone15pro_russian-140_03,0.34039291739463806,E:\PycharmProjects\DocVerify\sota_comparison\trufor_output\test_attack_digital_3_iphone15pro_russian-140_03_map.npy
test_attack_digital_3_iphone15pro_turkiye-01_0074_000-c54807ec_1,0.18213610351085663,E:\PycharmProjects\DocVerify\sota_comparison\trufor_output\test_attack_digital_3_iphone15pro_turkiye-01_0074_000-c54807ec_1_map.npy
test_attack_digital_3_iphone15pro_turkiye-01_0088_000-3739c168_0,0.2256183624267578,E:\PycharmProjects\DocVerify\sota_comparison\trufor_output\test_attack_digital_3_iphone15pro_turkiye-01_0088_000-3739c168_0_map.npy
test_attack_digital_3_iphone15pro_turkiye-041_03,0.2821158170700073,E:\PycharmProjects\DocVerify\sota_comparison\trufor_output\test_attack_digital_3_iphone15pro_turkiye-041_03_map.npy
test_attack_digital_3_iphone15pro_turkiye-121_03,0.503333330154419,E:\PycharmProjects\DocVerify\sota_comparison\trufor_output\test_attack_digital_3_iphone15pro_turkiye-121_03_map.npy
test_attack_digital_3_iphone15pro_ukraine-NF-1005,0.21180908381938934,E:\PycharmProjects\DocVerify\sota_comparison\trufor_output\test_attack_digital_3_iphone15pro_ukraine-NF-1005_map.npy
test_attack_digital_3_iphone15pro_ukraine-NF-1057,0.20984745025634766,E:\PycharmProjects\DocVerify\sota_comparison\trufor_output\test_attack_digital_3_iphone15pro_ukraine-NF-1057_map.npy
test_attack_digital_3_iphone15pro_usa-016_03,0.2786903977394104,E:\PycharmProjects\DocVerify\sota_comparison\trufor_output\test_attack_digital_3_iphone15pro_usa-016_03_map.npy
test_attack_digital_3_iphone15pro_usa-136_03,0.1977909356355667,E:\PycharmProjects\DocVerify\sota_comparison\trufor_output\test_attack_digital_3_iphone15pro_usa-136_03_map.npy
test_attack_digital_3_iphone15pro_usa-137_03,0.2834644317626953,E:\PycharmProjects\DocVerify\sota_comparison\trufor_output\test_attack_digital_3_iphone15pro_usa-137_03_map.npy
test_attack_digital_3_iphone15pro_usa-NF-1017,0.3249155879020691,E:\PycharmProjects\DocVerify\sota_comparison\trufor_output\test_attack_digital_3_iphone15pro_usa-NF-1017_map.npy
test_attack_digital_3_iphone15pro_usa-NF-1093,0.2535364031791687,E:\PycharmProjects\DocVerify\sota_comparison\trufor_output\test_attack_digital_3_iphone15pro_usa-NF-1093_map.npy
test_attack_digital_3_scan_arabic-024_03,0.8169047832489014,E:\PycharmProjects\DocVerify\sota_comparison\trufor_output\test_attack_digital_3_scan_arabic-024_03_map.npy
test_attack_digital_3_scan_arabic-139_03,0.9171903133392334,E:\PycharmProjects\DocVerify\sota_comparison\trufor_output\test_attack_digital_3_scan_arabic-139_03_map.npy
test_attack_digital_3_scan_arabic-NF-1040,0.42806926369667053,E:\PycharmProjects\DocVerify\sota_comparison\trufor_output\test_attack_digital_3_scan_arabic-NF-1040_map.npy
test_attack_digital_3_scan_arabic-NM-1029,0.3449046015739441,E:\PycharmProjects\DocVerify\sota_comparison\trufor_output\test_attack_digital_3_scan_arabic-NM-1029_map.npy
test_attack_digital_3_scan_chinese-001_03,0.5014108419418335,E:\PycharmProjects\DocVerify\sota_comparison\trufor_output\test_attack_digital_3_scan_chinese-001_03_map.npy
test_attack_digital_3_scan_chinese-01_0019_000-06d51424_0,0.3683411777019501,E:\PycharmProjects\DocVerify\sota_comparison\trufor_output\test_attack_digital_3_scan_chinese-01_0019_000-06d51424_0_map.npy
test_attack_digital_3_scan_chinese-01_0034_000-9b26d58c_0,0.4588419795036316,E:\PycharmProjects\DocVerify\sota_comparison\trufor_output\test_attack_digital_3_scan_chinese-01_0034_000-9b26d58c_0_map.npy
test_attack_digital_3_scan_chinese-081_03,0.4839605391025543,E:\PycharmProjects\DocVerify\sota_comparison\trufor_output\test_attack_digital_3_scan_chinese-081_03_map.npy
test_attack_digital_3_scan_chinese-102_03,0.46719950437545776,E:\PycharmProjects\DocVerify\sota_comparison\trufor_output\test_attack_digital_3_scan_chinese-102_03_map.npy
test_attack_digital_3_scan_chinese-142_03,0.5190953612327576,E:\PycharmProjects\DocVerify\sota_comparison\trufor_output\test_attack_digital_3_scan_chinese-142_03_map.npy
test_attack_digital_3_scan_chinese-NF-1101,0.6317516565322876,E:\PycharmProjects\DocVerify\sota_comparison\trufor_output\test_attack_digital_3_scan_chinese-NF-1101_map.npy
test_attack_digital_3_scan_chinese-NM-1092,0.5782496333122253,E:\PycharmProjects\DocVerify\sota_comparison\trufor_output\test_attack_digital_3_scan_chinese-NM-1092_map.npy
test_attack_digital_3_scan_french-01_0070_000-a4a25cda_0,0.402798593044281,E:\PycharmProjects\DocVerify\sota_comparison\trufor_output\test_attack_digital_3_scan_french-01_0070_000-a4a25cda_0_map.npy
test_attack_digital_3_scan_french-091_03,0.5375178456306458,E:\PycharmProjects\DocVerify\sota_comparison\trufor_output\test_attack_digital_3_scan_french-091_03_map.npy
test_attack_digital_3_scan_french-097_03,0.24828574061393738,E:\PycharmProjects\DocVerify\sota_comparison\trufor_output\test_attack_digital_3_scan_french-097_03_map.npy
test_attack_digital_3_scan_french-128_03,0.4724811613559723,E:\PycharmProjects\DocVerify\sota_comparison\trufor_output\test_attack_digital_3_scan_french-128_03_map.npy
test_attack_digital_3_scan_french-NF-1063,0.28104913234710693,E:\PycharmProjects\DocVerify\sota_comparison\trufor_output\test_attack_digital_3_scan_french-NF-1063_map.npy
test_attack_digital_3_scan_indian-014_03,0.2774355411529541,E:\PycharmProjects\DocVerify\sota_comparison\trufor_output\test_attack_digital_3_scan_indian-014_03_map.npy
test_attack_digital_3_scan_indian-037_03,0.2348550409078598,E:\PycharmProjects\DocVerify\sota_comparison\trufor_output\test_attack_digital_3_scan_indian-037_03_map.npy
test_attack_digital_3_scan_persian-01_0092_000-fad05fcd_1,0.3608056604862213,E:\PycharmProjects\DocVerify\sota_comparison\trufor_output\test_attack_digital_3_scan_persian-01_0092_000-fad05fcd_1_map.npy
test_attack_digital_3_scan_persian-NF-1031,0.32450059056282043,E:\PycharmProjects\DocVerify\sota_comparison\trufor_output\test_attack_digital_3_scan_persian-NF-1031_map.npy
test_attack_digital_3_scan_persian-NF-1043,0.3936513662338257,E:\PycharmProjects\DocVerify\sota_comparison\trufor_output\test_attack_digital_3_scan_persian-NF-1043_map.npy
test_attack_digital_3_scan_persian-NM-1035,0.6516633629798889,E:\PycharmProjects\DocVerify\sota_comparison\trufor_output\test_attack_digital_3_scan_persian-NM-1035_map.npy
test_attack_digital_3_scan_portugal-105_03,0.3851458728313446,E:\PycharmProjects\DocVerify\sota_comparison\trufor_output\test_attack_digital_3_scan_portugal-105_03_map.npy
test_attack_digital_3_scan_portugal-NF-1024,0.31285351514816284,E:\PycharmProjects\DocVerify\sota_comparison\trufor_output\test_attack_digital_3_scan_portugal-NF-1024_map.npy
test_attack_digital_3_scan_portugal-NF-1086,0.21288461983203888,E:\PycharmProjects\DocVerify\sota_comparison\trufor_output\test_attack_digital_3_scan_portugal-NF-1086_map.npy
test_attack_digital_3_scan_russian-01_0030_000-0bc18d73_0,0.3413284420967102,E:\PycharmProjects\DocVerify\sota_comparison\trufor_output\test_attack_digital_3_scan_russian-01_0030_000-0bc18d73_0_map.npy
test_attack_digital_3_scan_russian-01_0075_000-9bed189a_0,0.3267036974430084,E:\PycharmProjects\DocVerify\sota_comparison\trufor_output\test_attack_digital_3_scan_russian-01_0075_000-9bed189a_0_map.npy
test_attack_digital_3_scan_russian-140_03,0.3488572835922241,E:\PycharmProjects\DocVerify\sota_comparison\trufor_output\test_attack_digital_3_scan_russian-140_03_map.npy
test_attack_digital_3_scan_turkiye-01_0074_000-c54807ec_1,0.8379920721054077,E:\PycharmProjects\DocVerify\sota_comparison\trufor_output\test_attack_digital_3_scan_turkiye-01_0074_000-c54807ec_1_map.npy
test_attack_digital_3_scan_turkiye-01_0088_000-3739c168_0,0.7117899060249329,E:\PycharmProjects\DocVerify\sota_comparison\trufor_output\test_attack_digital_3_scan_turkiye-01_0088_000-3739c168_0_map.npy
test_attack_digital_3_scan_turkiye-041_03,0.4322001039981842,E:\PycharmProjects\DocVerify\sota_comparison\trufor_output\test_attack_digital_3_scan_turkiye-041_03_map.npy
test_attack_digital_3_scan_turkiye-121_03,0.5634335279464722,E:\PycharmProjects\DocVerify\sota_comparison\trufor_output\test_attack_digital_3_scan_turkiye-121_03_map.npy
test_attack_digital_3_scan_ukraine-NF-1005,0.37747722864151,E:\PycharmProjects\DocVerify\sota_comparison\trufor_output\test_attack_digital_3_scan_ukraine-NF-1005_map.npy
test_attack_digital_3_scan_ukraine-NF-1057,0.5777028799057007,E:\PycharmProjects\DocVerify\sota_comparison\trufor_output\test_attack_digital_3_scan_ukraine-NF-1057_map.npy
test_attack_digital_3_scan_usa-016_03,0.5789339542388916,E:\PycharmProjects\DocVerify\sota_comparison\trufor_output\test_attack_digital_3_scan_usa-016_03_map.npy
test_attack_digital_3_scan_usa-136_03,0.8120359182357788,E:\PycharmProjects\DocVerify\sota_comparison\trufor_output\test_attack_digital_3_scan_usa-136_03_map.npy
test_attack_digital_3_scan_usa-137_03,0.3206266760826111,E:\PycharmProjects\DocVerify\sota_comparison\trufor_output\test_attack_digital_3_scan_usa-137_03_map.npy
test_attack_digital_3_scan_usa-NF-1017,0.40638086199760437,E:\PycharmProjects\DocVerify\sota_comparison\trufor_output\test_attack_digital_3_scan_usa-NF-1017_map.npy
test_attack_digital_3_scan_usa-NF-1093,0.7237298488616943,E:\PycharmProjects\DocVerify\sota_comparison\trufor_output\test_attack_digital_3_scan_usa-NF-1093_map.npy
test_attack_facedancer_huawei_chinese2-flickr_F_16745558933_a3f9fe2bc9_k,0.42923876643180847,E:\PycharmProjects\DocVerify\sota_comparison\trufor_output\test_attack_facedancer_huawei_chinese2-flickr_F_16745558933_a3f9fe2bc9_k_map.npy
test_attack_facedancer_huawei_chinese2-flickr_F_21696826019_7407a3bea0_k,0.6237569451332092,E:\PycharmProjects\DocVerify\sota_comparison\trufor_output\test_attack_facedancer_huawei_chinese2-flickr_F_21696826019_7407a3bea0_k_map.npy
test_attack_facedancer_huawei_netherland-flickr_F_10239917343_ca73cd29b5_h,0.21311654150485992,E:\PycharmProjects\DocVerify\sota_comparison\trufor_output\test_attack_facedancer_huawei_netherland-flickr_F_10239917343_ca73cd29b5_h_map.npy
test_attack_facedancer_huawei_netherland-flickr_F_37048326531_f8270ca4df_k,0.56858891248703,E:\PycharmProjects\DocVerify\sota_comparison\trufor_output\test_attack_facedancer_huawei_netherland-flickr_F_37048326531_f8270ca4df_k_map.npy
test_attack_facedancer_huawei_netherland-flickr_M_37190718595_78e318623b_k,0.2650863826274872,E:\PycharmProjects\DocVerify\sota_comparison\trufor_output\test_attack_facedancer_huawei_netherland-flickr_M_37190718595_78e318623b_k_map.npy
test_attack_facedancer_huawei_singapore-flickr_F_33574462985_422fca6322_c,0.4110298454761505,E:\PycharmProjects\DocVerify\sota_comparison\trufor_output\test_attack_facedancer_huawei_singapore-flickr_F_33574462985_422fca6322_c_map.npy
test_attack_facedancer_iphone15_chinese2-flickr_F_16745558933_a3f9fe2bc9_k,0.6932956576347351,E:\PycharmProjects\DocVerify\sota_comparison\trufor_output\test_attack_facedancer_iphone15_chinese2-flickr_F_16745558933_a3f9fe2bc9_k_map.npy
test_attack_facedancer_iphone15_chinese2-flickr_F_33552328531_f6d5dd17b8_c,0.7064516544342041,E:\PycharmProjects\DocVerify\sota_comparison\trufor_output\test_attack_facedancer_iphone15_chinese2-flickr_F_33552328531_f6d5dd17b8_c_map.npy
test_attack_facedancer_iphone15_chinese2-flickr_M_33552319041_2631ab0a0c_c,0.6791186332702637,E:\PycharmProjects\DocVerify\sota_comparison\trufor_output\test_attack_facedancer_iphone15_chinese2-flickr_M_33552319041_2631ab0a0c_c_map.npy
test_attack_facedancer_iphone15_netherland-flickr_F_10239917343_ca73cd29b5_h,0.41745224595069885,E:\PycharmProjects\DocVerify\sota_comparison\trufor_output\test_attack_facedancer_iphone15_netherland-flickr_F_10239917343_ca73cd29b5_h_map.npy
test_attack_facedancer_iphone15_netherland-flickr_M_19475853574_c947539b18_c,0.5317628979682922,E:\PycharmProjects\DocVerify\sota_comparison\trufor_output\test_attack_facedancer_iphone15_netherland-flickr_M_19475853574_c947539b18_c_map.npy
test_attack_facedancer_iphone15_singapore-flickr_M_24170605047_501e882ccc_o,0.5489059686660767,E:\PycharmProjects\DocVerify\sota_comparison\trufor_output\test_attack_facedancer_iphone15_singapore-flickr_M_24170605047_501e882ccc_o_map.npy
test_attack_facedancer_scan_chinese2-flickr_F_16745558933_a3f9fe2bc9_k,0.3839413821697235,E:\PycharmProjects\DocVerify\sota_comparison\trufor_output\test_attack_facedancer_scan_chinese2-flickr_F_16745558933_a3f9fe2bc9_k_map.npy
test_attack_facedancer_scan_chinese2-flickr_F_21696826019_7407a3bea0_k,0.28234073519706726,E:\PycharmProjects\DocVerify\sota_comparison\trufor_output\test_attack_facedancer_scan_chinese2-flickr_F_21696826019_7407a3bea0_k_map.npy
test_attack_facedancer_scan_chinese2-flickr_F_33552328531_f6d5dd17b8_c,0.3312704861164093,E:\PycharmProjects\DocVerify\sota_comparison\trufor_output\test_attack_facedancer_scan_chinese2-flickr_F_33552328531_f6d5dd17b8_c_map.npy
test_attack_facedancer_scan_chinese2-flickr_M_16743317854_732a16acc8_k,0.4022214412689209,E:\PycharmProjects\DocVerify\sota_comparison\trufor_output\test_attack_facedancer_scan_chinese2-flickr_M_16743317854_732a16acc8_k_map.npy
test_attack_facedancer_scan_chinese2-flickr_M_33552319041_2631ab0a0c_c,0.7689207196235657,E:\PycharmProjects\DocVerify\sota_comparison\trufor_output\test_attack_facedancer_scan_chinese2-flickr_M_33552319041_2631ab0a0c_c_map.npy
test_attack_facedancer_scan_netherland-flickr_F_31998547103_f617b19dfc_h,0.38931089639663696,E:\PycharmProjects\DocVerify\sota_comparison\trufor_output\test_attack_facedancer_scan_netherland-flickr_F_31998547103_f617b19dfc_h_map.npy
test_attack_facedancer_scan_netherland-flickr_M_19475853574_c947539b18_c,0.26273438334465027,E:\PycharmProjects\DocVerify\sota_comparison\trufor_output\test_attack_facedancer_scan_netherland-flickr_M_19475853574_c947539b18_c_map.npy
test_attack_facedancer_scan_netherland-flickr_M_33276713046_c88eb6c4c8_c,0.28489017486572266,E:\PycharmProjects\DocVerify\sota_comparison\trufor_output\test_attack_facedancer_scan_netherland-flickr_M_33276713046_c88eb6c4c8_c_map.npy
test_attack_facedancer_scan_netherland-flickr_M_37190718595_78e318623b_k,0.2457626312971115,E:\PycharmProjects\DocVerify\sota_comparison\trufor_output\test_attack_facedancer_scan_netherland-flickr_M_37190718595_78e318623b_k_map.npy
test_attack_facedancer_scan_singapore-flickr_F_33574462985_422fca6322_c,0.2961600422859192,E:\PycharmProjects\DocVerify\sota_comparison\trufor_output\test_attack_facedancer_scan_singapore-flickr_F_33574462985_422fca6322_c_map.npy
test_attack_textdiffuserft_bfei_huawei_chinese2-flickr_F_33552328531_f6d5dd17b8_c,0.849291980266571,E:\PycharmProjects\DocVerify\sota_comparison\trufor_output\test_attack_textdiffuserft_bfei_huawei_chinese2-flickr_F_33552328531_f6d5dd17b8_c_map.npy
test_attack_textdiffuserft_bfei_huawei_chinese2-flickr_M_16743317854_732a16acc8_k,0.9063110947608948,E:\PycharmProjects\DocVerify\sota_comparison\trufor_output\test_attack_textdiffuserft_bfei_huawei_chinese2-flickr_M_16743317854_732a16acc8_k_map.npy
test_attack_textdiffuserft_bfei_huawei_chinese2-flickr_M_33552319041_2631ab0a0c_c,0.9292575716972351,E:\PycharmProjects\DocVerify\sota_comparison\trufor_output\test_attack_textdiffuserft_bfei_huawei_chinese2-flickr_M_33552319041_2631ab0a0c_c_map.npy
test_attack_textdiffuserft_bfei_huawei_netherland-flickr_F_31998547103_f617b19dfc_h,0.33857640624046326,E:\PycharmProjects\DocVerify\sota_comparison\trufor_output\test_attack_textdiffuserft_bfei_huawei_netherland-flickr_F_31998547103_f617b19dfc_h_map.npy
test_attack_textdiffuserft_bfei_huawei_netherland-flickr_M_19475853574_c947539b18_c,0.3330208361148834,E:\PycharmProjects\DocVerify\sota_comparison\trufor_output\test_attack_textdiffuserft_bfei_huawei_netherland-flickr_M_19475853574_c947539b18_c_map.npy
test_attack_textdiffuserft_bfei_huawei_netherland-flickr_M_30990255070_570d17d9d4_c,0.3511287569999695,E:\PycharmProjects\DocVerify\sota_comparison\trufor_output\test_attack_textdiffuserft_bfei_huawei_netherland-flickr_M_30990255070_570d17d9d4_c_map.npy
test_attack_textdiffuserft_bfei_huawei_netherland-flickr_M_33276713046_c88eb6c4c8_c,0.7313857078552246,E:\PycharmProjects\DocVerify\sota_comparison\trufor_output\test_attack_textdiffuserft_bfei_huawei_netherland-flickr_M_33276713046_c88eb6c4c8_c_map.npy
test_attack_textdiffuserft_bfei_huawei_singapore-flickr_F_32272417100_7c8c616f37_c,0.8025824427604675,E:\PycharmProjects\DocVerify\sota_comparison\trufor_output\test_attack_textdiffuserft_bfei_huawei_singapore-flickr_F_32272417100_7c8c616f37_c_map.npy
test_attack_textdiffuserft_bfei_huawei_singapore-flickr_M_24170605047_501e882ccc_o,0.622153639793396,E:\PycharmProjects\DocVerify\sota_comparison\trufor_output\test_attack_textdiffuserft_bfei_huawei_singapore-flickr_M_24170605047_501e882ccc_o_map.npy
test_attack_textdiffuserft_bfei_iphone15_chinese2-flickr_F_21696826019_7407a3bea0_k,0.4832844138145447,E:\PycharmProjects\DocVerify\sota_comparison\trufor_output\test_attack_textdiffuserft_bfei_iphone15_chinese2-flickr_F_21696826019_7407a3bea0_k_map.npy
test_attack_textdiffuserft_bfei_iphone15_chinese2-flickr_M_16743317854_732a16acc8_k,0.47295916080474854,E:\PycharmProjects\DocVerify\sota_comparison\trufor_output\test_attack_textdiffuserft_bfei_iphone15_chinese2-flickr_M_16743317854_732a16acc8_k_map.npy
test_attack_textdiffuserft_bfei_iphone15_netherland-flickr_F_31998547103_f617b19dfc_h,0.27117258310317993,E:\PycharmProjects\DocVerify\sota_comparison\trufor_output\test_attack_textdiffuserft_bfei_iphone15_netherland-flickr_F_31998547103_f617b19dfc_h_map.npy
test_attack_textdiffuserft_bfei_iphone15_netherland-flickr_F_37048326531_f8270ca4df_k,0.33126458525657654,E:\PycharmProjects\DocVerify\sota_comparison\trufor_output\test_attack_textdiffuserft_bfei_iphone15_netherland-flickr_F_37048326531_f8270ca4df_k_map.npy
test_attack_textdiffuserft_bfei_iphone15_netherland-flickr_M_30990255070_570d17d9d4_c,0.3290689289569855,E:\PycharmProjects\DocVerify\sota_comparison\trufor_output\test_attack_textdiffuserft_bfei_iphone15_netherland-flickr_M_30990255070_570d17d9d4_c_map.npy
test_attack_textdiffuserft_bfei_iphone15_netherland-flickr_M_33276713046_c88eb6c4c8_c,0.40264931321144104,E:\PycharmProjects\DocVerify\sota_comparison\trufor_output\test_attack_textdiffuserft_bfei_iphone15_netherland-flickr_M_33276713046_c88eb6c4c8_c_map.npy
test_attack_textdiffuserft_bfei_iphone15_netherland-flickr_M_37190718595_78e318623b_k,0.3141999840736389,E:\PycharmProjects\DocVerify\sota_comparison\trufor_output\test_attack_textdiffuserft_bfei_iphone15_netherland-flickr_M_37190718595_78e318623b_k_map.npy
test_attack_textdiffuserft_bfei_iphone15_singapore-flickr_F_32272417100_7c8c616f37_c,0.7885532975196838,E:\PycharmProjects\DocVerify\sota_comparison\trufor_output\test_attack_textdiffuserft_bfei_iphone15_singapore-flickr_F_32272417100_7c8c616f37_c_map.npy
test_attack_textdiffuserft_bfei_iphone15_singapore-flickr_F_33574462985_422fca6322_c,0.8313737511634827,E:\PycharmProjects\DocVerify\sota_comparison\trufor_output\test_attack_textdiffuserft_bfei_iphone15_singapore-flickr_F_33574462985_422fca6322_c_map.npy
test_attack_textdiffuserft_bfei_scan_netherland-flickr_F_10239917343_ca73cd29b5_h,0.1751486212015152,E:\PycharmProjects\DocVerify\sota_comparison\trufor_output\test_attack_textdiffuserft_bfei_scan_netherland-flickr_F_10239917343_ca73cd29b5_h_map.npy
test_attack_textdiffuserft_bfei_scan_netherland-flickr_F_37048326531_f8270ca4df_k,0.27754923701286316,E:\PycharmProjects\DocVerify\sota_comparison\trufor_output\test_attack_textdiffuserft_bfei_scan_netherland-flickr_F_37048326531_f8270ca4df_k_map.npy
test_attack_textdiffuserft_bfei_scan_netherland-flickr_M_30990255070_570d17d9d4_c,0.37677234411239624,E:\PycharmProjects\DocVerify\sota_comparison\trufor_output\test_attack_textdiffuserft_bfei_scan_netherland-flickr_M_30990255070_570d17d9d4_c_map.npy
test_attack_textdiffuserft_bfei_scan_singapore-flickr_F_32272417100_7c8c616f37_c,0.8910592198371887,E:\PycharmProjects\DocVerify\sota_comparison\trufor_output\test_attack_textdiffuserft_bfei_scan_singapore-flickr_F_32272417100_7c8c616f37_c_map.npy
test_attack_textdiffuserft_bfei_scan_singapore-flickr_M_24170605047_501e882ccc_o,0.25878652930259705,E:\PycharmProjects\DocVerify\sota_comparison\trufor_output\test_attack_textdiffuserft_bfei_scan_singapore-flickr_M_24170605047_501e882ccc_o_map.npy
train_attack_digital_1_huawei_arabic-024_03,0.7894220352172852,E:\PycharmProjects\DocVerify\sota_comparison\trufor_output\train_attack_digital_1_huawei_arabic-024_03_map.npy
train_attack_digital_1_huawei_arabic-139_03,0.6529010534286499,E:\PycharmProjects\DocVerify\sota_comparison\trufor_output\train_attack_digital_1_huawei_arabic-139_03_map.npy
train_attack_digital_1_huawei_arabic-NF-1040,0.8085330724716187,E:\PycharmProjects\DocVerify\sota_comparison\trufor_output\train_attack_digital_1_huawei_arabic-NF-1040_map.npy
train_attack_digital_1_huawei_arabic-NM-1029,0.8488033413887024,E:\PycharmProjects\DocVerify\sota_comparison\trufor_output\train_attack_digital_1_huawei_arabic-NM-1029_map.npy
train_attack_digital_1_huawei_chinese-001_03,0.8978148102760315,E:\PycharmProjects\DocVerify\sota_comparison\trufor_output\train_attack_digital_1_huawei_chinese-001_03_map.npy
train_attack_digital_1_huawei_chinese-081_03,0.7595451474189758,E:\PycharmProjects\DocVerify\sota_comparison\trufor_output\train_attack_digital_1_huawei_chinese-081_03_map.npy
train_attack_digital_1_huawei_chinese-102_03,0.8422939777374268,E:\PycharmProjects\DocVerify\sota_comparison\trufor_output\train_attack_digital_1_huawei_chinese-102_03_map.npy
train_attack_digital_1_huawei_chinese-142_03,0.7719487547874451,E:\PycharmProjects\DocVerify\sota_comparison\trufor_output\train_attack_digital_1_huawei_chinese-142_03_map.npy
train_attack_digital_1_huawei_chinese-NF-1101,0.8151091933250427,E:\PycharmProjects\DocVerify\sota_comparison\trufor_output\train_attack_digital_1_huawei_chinese-NF-1101_map.npy
train_attack_digital_1_huawei_chinese-NM-1092,0.6486414670944214,E:\PycharmProjects\DocVerify\sota_comparison\trufor_output\train_attack_digital_1_huawei_chinese-NM-1092_map.npy
train_attack_digital_1_huawei_french-091_03,0.7628368139266968,E:\PycharmProjects\DocVerify\sota_comparison\trufor_output\train_attack_digital_1_huawei_french-091_03_map.npy
train_attack_digital_1_huawei_french-097_03,0.7634756565093994,E:\PycharmProjects\DocVerify\sota_comparison\trufor_output\train_attack_digital_1_huawei_french-097_03_map.npy
train_attack_digital_1_huawei_french-128_03,0.813609778881073,E:\PycharmProjects\DocVerify\sota_comparison\trufor_output\train_attack_digital_1_huawei_french-128_03_map.npy
train_attack_digital_1_huawei_french-NF-1063,0.5473798513412476,E:\PycharmProjects\DocVerify\sota_comparison\trufor_output\train_attack_digital_1_huawei_french-NF-1063_map.npy
train_attack_digital_1_huawei_indian-014_03,0.33834952116012573,E:\PycharmProjects\DocVerify\sota_comparison\trufor_output\train_attack_digital_1_huawei_indian-014_03_map.npy
train_attack_digital_1_huawei_indian-037_03,0.3172975182533264,E:\PycharmProjects\DocVerify\sota_comparison\trufor_output\train_attack_digital_1_huawei_indian-037_03_map.npy
train_attack_digital_1_huawei_persian-NF-1031,0.5427796840667725,E:\PycharmProjects\DocVerify\sota_comparison\trufor_output\train_attack_digital_1_huawei_persian-NF-1031_map.npy
train_attack_digital_1_huawei_persian-NF-1043,0.45667022466659546,E:\PycharmProjects\DocVerify\sota_comparison\trufor_output\train_attack_digital_1_huawei_persian-NF-1043_map.npy
train_attack_digital_1_huawei_persian-NM-1035,0.6875209212303162,E:\PycharmProjects\DocVerify\sota_comparison\trufor_output\train_attack_digital_1_huawei_persian-NM-1035_map.npy
train_attack_digital_1_huawei_portugal-105_03,0.47560393810272217,E:\PycharmProjects\DocVerify\sota_comparison\trufor_output\train_attack_digital_1_huawei_portugal-105_03_map.npy
train_attack_digital_1_huawei_portugal-NF-1024,0.37410876154899597,E:\PycharmProjects\DocVerify\sota_comparison\trufor_output\train_attack_digital_1_huawei_portugal-NF-1024_map.npy
train_attack_digital_1_huawei_portugal-NF-1086,0.30926933884620667,E:\PycharmProjects\DocVerify\sota_comparison\trufor_output\train_attack_digital_1_huawei_portugal-NF-1086_map.npy
train_attack_digital_1_huawei_russian-140_03,0.3890461325645447,E:\PycharmProjects\DocVerify\sota_comparison\trufor_output\train_attack_digital_1_huawei_russian-140_03_map.npy
train_attack_digital_1_huawei_turkiye-041_03,0.3117091655731201,E:\PycharmProjects\DocVerify\sota_comparison\trufor_output\train_attack_digital_1_huawei_turkiye-041_03_map.npy
train_attack_digital_1_huawei_turkiye-121_03,0.2452491819858551,E:\PycharmProjects\DocVerify\sota_comparison\trufor_output\train_attack_digital_1_huawei_turkiye-121_03_map.npy
train_attack_digital_1_huawei_ukraine-NF-1005,0.4172082543373108,E:\PycharmProjects\DocVerify\sota_comparison\trufor_output\train_attack_digital_1_huawei_ukraine-NF-1005_map.npy
train_attack_digital_1_huawei_ukraine-NF-1057,0.43928262591362,E:\PycharmProjects\DocVerify\sota_comparison\trufor_output\train_attack_digital_1_huawei_ukraine-NF-1057_map.npy
train_attack_digital_1_huawei_usa-016_03,0.7867341041564941,E:\PycharmProjects\DocVerify\sota_comparison\trufor_output\train_attack_digital_1_huawei_usa-016_03_map.npy
train_attack_digital_1_huawei_usa-136_03,0.7504563927650452,E:\PycharmProjects\DocVerify\sota_comparison\trufor_output\train_attack_digital_1_huawei_usa-136_03_map.npy
train_attack_digital_1_huawei_usa-137_03,0.7291221618652344,E:\PycharmProjects\DocVerify\sota_comparison\trufor_output\train_attack_digital_1_huawei_usa-137_03_map.npy
train_attack_digital_1_huawei_usa-NF-1017,0.5253224968910217,E:\PycharmProjects\DocVerify\sota_comparison\trufor_output\train_attack_digital_1_huawei_usa-NF-1017_map.npy
train_attack_digital_1_huawei_usa-NF-1093,0.5020142793655396,E:\PycharmProjects\DocVerify\sota_comparison\trufor_output\train_attack_digital_1_huawei_usa-NF-1093_map.npy
train_attack_digital_1_iphone15pro_arabic-024_03,0.47548186779022217,E:\PycharmProjects\DocVerify\sota_comparison\trufor_output\train_attack_digital_1_iphone15pro_arabic-024_03_map.npy
train_attack_digital_1_iphone15pro_arabic-139_03,0.6940040588378906,E:\PycharmProjects\DocVerify\sota_comparison\trufor_output\train_attack_digital_1_iphone15pro_arabic-139_03_map.npy
train_attack_digital_1_iphone15pro_arabic-NF-1040,0.5902591943740845,E:\PycharmProjects\DocVerify\sota_comparison\trufor_output\train_attack_digital_1_iphone15pro_arabic-NF-1040_map.npy
train_attack_digital_1_iphone15pro_arabic-NM-1029,0.798995852470398,E:\PycharmProjects\DocVerify\sota_comparison\trufor_output\train_attack_digital_1_iphone15pro_arabic-NM-1029_map.npy
train_attack_digital_1_iphone15pro_chinese-001_03,0.9472095370292664,E:\PycharmProjects\DocVerify\sota_comparison\trufor_output\train_attack_digital_1_iphone15pro_chinese-001_03_map.npy
train_attack_digital_1_iphone15pro_chinese-081_03,0.9421828389167786,E:\PycharmProjects\DocVerify\sota_comparison\trufor_output\train_attack_digital_1_iphone15pro_chinese-081_03_map.npy
train_attack_digital_1_iphone15pro_chinese-102_03,0.9626825451850891,E:\PycharmProjects\DocVerify\sota_comparison\trufor_output\train_attack_digital_1_iphone15pro_chinese-102_03_map.npy
train_attack_digital_1_iphone15pro_chinese-142_03,0.9172232151031494,E:\PycharmProjects\DocVerify\sota_comparison\trufor_output\train_attack_digital_1_iphone15pro_chinese-142_03_map.npy
train_attack_digital_1_iphone15pro_chinese-NF-1101,0.9569924473762512,E:\PycharmProjects\DocVerify\sota_comparison\trufor_output\train_attack_digital_1_iphone15pro_chinese-NF-1101_map.npy
train_attack_digital_1_iphone15pro_chinese-NM-1092,0.9868443012237549,E:\PycharmProjects\DocVerify\sota_comparison\trufor_output\train_attack_digital_1_iphone15pro_chinese-NM-1092_map.npy
train_attack_digital_1_iphone15pro_french-091_03,0.8659618496894836,E:\PycharmProjects\DocVerify\sota_comparison\trufor_output\train_attack_digital_1_iphone15pro_french-091_03_map.npy
train_attack_digital_1_iphone15pro_french-097_03,0.6399102807044983,E:\PycharmProjects\DocVerify\sota_comparison\trufor_output\train_attack_digital_1_iphone15pro_french-097_03_map.npy
train_attack_digital_1_iphone15pro_french-128_03,0.8280630111694336,E:\PycharmProjects\DocVerify\sota_comparison\trufor_output\train_attack_digital_1_iphone15pro_french-128_03_map.npy
train_attack_digital_1_iphone15pro_french-NF-1063,0.7200651168823242,E:\PycharmProjects\DocVerify\sota_comparison\trufor_output\train_attack_digital_1_iphone15pro_french-NF-1063_map.npy
train_attack_digital_1_iphone15pro_indian-014_03,0.3259175419807434,E:\PycharmProjects\DocVerify\sota_comparison\trufor_output\train_attack_digital_1_iphone15pro_indian-014_03_map.npy
train_attack_digital_1_iphone15pro_indian-037_03,0.8892992734909058,E:\PycharmProjects\DocVerify\sota_comparison\trufor_output\train_attack_digital_1_iphone15pro_indian-037_03_map.npy
train_attack_digital_1_iphone15pro_persian-NF-1031,0.3639073669910431,E:\PycharmProjects\DocVerify\sota_comparison\trufor_output\train_attack_digital_1_iphone15pro_persian-NF-1031_map.npy
train_attack_digital_1_iphone15pro_persian-NF-1043,0.5830986499786377,E:\PycharmProjects\DocVerify\sota_comparison\trufor_output\train_attack_digital_1_iphone15pro_persian-NF-1043_map.npy
train_attack_digital_1_iphone15pro_persian-NM-1035,0.4221222698688507,E:\PycharmProjects\DocVerify\sota_comparison\trufor_output\train_attack_digital_1_iphone15pro_persian-NM-1035_map.npy
train_attack_digital_1_iphone15pro_portugal-105_03,0.7973060011863708,E:\PycharmProjects\DocVerify\sota_comparison\trufor_output\train_attack_digital_1_iphone15pro_portugal-105_03_map.npy
train_attack_digital_1_iphone15pro_portugal-NF-1024,0.8988197445869446,E:\PycharmProjects\DocVerify\sota_comparison\trufor_output\train_attack_digital_1_iphone15pro_portugal-NF-1024_map.npy
train_attack_digital_1_iphone15pro_portugal-NF-1086,0.9050396680831909,E:\PycharmProjects\DocVerify\sota_comparison\trufor_output\train_attack_digital_1_iphone15pro_portugal-NF-1086_map.npy
train_attack_digital_1_iphone15pro_russian-140_03,0.9256681203842163,E:\PycharmProjects\DocVerify\sota_comparison\trufor_output\train_attack_digital_1_iphone15pro_russian-140_03_map.npy
train_attack_digital_1_iphone15pro_turkiye-041_03,0.6692350506782532,E:\PycharmProjects\DocVerify\sota_comparison\trufor_output\train_attack_digital_1_iphone15pro_turkiye-041_03_map.npy
train_attack_digital_1_iphone15pro_turkiye-121_03,0.8982254266738892,E:\PycharmProjects\DocVerify\sota_comparison\trufor_output\train_attack_digital_1_iphone15pro_turkiye-121_03_map.npy
train_attack_digital_1_iphone15pro_ukraine-NF-1005,0.6412439346313477,E:\PycharmProjects\DocVerify\sota_comparison\trufor_output\train_attack_digital_1_iphone15pro_ukraine-NF-1005_map.npy
train_attack_digital_1_iphone15pro_ukraine-NF-1057,0.5507971048355103,E:\PycharmProjects\DocVerify\sota_comparison\trufor_output\train_attack_digital_1_iphone15pro_ukraine-NF-1057_map.npy
train_attack_digital_1_iphone15pro_usa-016_03,0.8697543740272522,E:\PycharmProjects\DocVerify\sota_comparison\trufor_output\train_attack_digital_1_iphone15pro_usa-016_03_map.npy
train_attack_digital_1_iphone15pro_usa-136_03,0.7348595261573792,E:\PycharmProjects\DocVerify\sota_comparison\trufor_output\train_attack_digital_1_iphone15pro_usa-136_03_map.npy
train_attack_digital_1_iphone15pro_usa-137_03,0.7460110783576965,E:\PycharmProjects\DocVerify\sota_comparison\trufor_output\train_attack_digital_1_iphone15pro_usa-137_03_map.npy
train_attack_digital_1_iphone15pro_usa-NF-1017,0.612806499004364,E:\PycharmProjects\DocVerify\sota_comparison\trufor_output\train_attack_digital_1_iphone15pro_usa-NF-1017_map.npy
train_attack_digital_1_iphone15pro_usa-NF-1093,0.8298525810241699,E:\PycharmProjects\DocVerify\sota_comparison\trufor_output\train_attack_digital_1_iphone15pro_usa-NF-1093_map.npy
train_attack_digital_1_scan_arabic-024_03,0.33000805974006653,E:\PycharmProjects\DocVerify\sota_comparison\trufor_output\train_attack_digital_1_scan_arabic-024_03_map.npy
train_attack_digital_1_scan_arabic-139_03,0.3941209614276886,E:\PycharmProjects\DocVerify\sota_comparison\trufor_output\train_attack_digital_1_scan_arabic-139_03_map.npy
train_attack_digital_1_scan_arabic-NF-1040,0.8937811255455017,E:\PycharmProjects\DocVerify\sota_comparison\trufor_output\train_attack_digital_1_scan_arabic-NF-1040_map.npy
train_attack_digital_1_scan_arabic-NM-1029,0.32855576276779175,E:\PycharmProjects\DocVerify\sota_comparison\trufor_output\train_attack_digital_1_scan_arabic-NM-1029_map.npy
train_attack_digital_1_scan_chinese-001_03,0.23048600554466248,E:\PycharmProjects\DocVerify\sota_comparison\trufor_output\train_attack_digital_1_scan_chinese-001_03_map.npy
train_attack_digital_1_scan_chinese-081_03,0.4167400002479553,E:\PycharmProjects\DocVerify\sota_comparison\trufor_output\train_attack_digital_1_scan_chinese-081_03_map.npy
train_attack_digital_1_scan_chinese-102_03,0.418164998292923,E:\PycharmProjects\DocVerify\sota_comparison\trufor_output\train_attack_digital_1_scan_chinese-102_03_map.npy
train_attack_digital_1_scan_chinese-142_03,0.48885971307754517,E:\PycharmProjects\DocVerify\sota_comparison\trufor_output\train_attack_digital_1_scan_chinese-142_03_map.npy
train_attack_digital_1_scan_chinese-NF-1101,0.5759488344192505,E:\PycharmProjects\DocVerify\sota_comparison\trufor_output\train_attack_digital_1_scan_chinese-NF-1101_map.npy
train_attack_digital_1_scan_chinese-NM-1092,0.6409011483192444,E:\PycharmProjects\DocVerify\sota_comparison\trufor_output\train_attack_digital_1_scan_chinese-NM-1092_map.npy
train_attack_digital_1_scan_french-091_03,0.4075997471809387,E:\PycharmProjects\DocVerify\sota_comparison\trufor_output\train_attack_digital_1_scan_french-091_03_map.npy
train_attack_digital_1_scan_french-097_03,0.2203790843486786,E:\PycharmProjects\DocVerify\sota_comparison\trufor_output\train_attack_digital_1_scan_french-097_03_map.npy
train_attack_digital_1_scan_french-128_03,0.7627325654029846,E:\PycharmProjects\DocVerify\sota_comparison\trufor_output\train_attack_digital_1_scan_french-128_03_map.npy
train_attack_digital_1_scan_french-NF-1063,0.4599759876728058,E:\PycharmProjects\DocVerify\sota_comparison\trufor_output\train_attack_digital_1_scan_french-NF-1063_map.npy
train_attack_digital_1_scan_indian-014_03,0.3420342803001404,E:\PycharmProjects\DocVerify\sota_comparison\trufor_output\train_attack_digital_1_scan_indian-014_03_map.npy
train_attack_digital_1_scan_indian-037_03,0.20769111812114716,E:\PycharmProjects\DocVerify\sota_comparison\trufor_output\train_attack_digital_1_scan_indian-037_03_map.npy
train_attack_digital_1_scan_persian-NF-1031,0.28346216678619385,E:\PycharmProjects\DocVerify\sota_comparison\trufor_output\train_attack_digital_1_scan_persian-NF-1031_map.npy
train_attack_digital_1_scan_persian-NF-1043,0.3639044165611267,E:\PycharmProjects\DocVerify\sota_comparison\trufor_output\train_attack_digital_1_scan_persian-NF-1043_map.npy
train_attack_digital_1_scan_persian-NM-1035,0.34926658868789673,E:\PycharmProjects\DocVerify\sota_comparison\trufor_output\train_attack_digital_1_scan_persian-NM-1035_map.npy
train_attack_digital_1_scan_portugal-105_03,0.5012670159339905,E:\PycharmProjects\DocVerify\sota_comparison\trufor_output\train_attack_digital_1_scan_portugal-105_03_map.npy
train_attack_digital_1_scan_portugal-NF-1024,0.35891133546829224,E:\PycharmProjects\DocVerify\sota_comparison\trufor_output\train_attack_digital_1_scan_portugal-NF-1024_map.npy
train_attack_digital_1_scan_portugal-NF-1086,0.594272255897522,E:\PycharmProjects\DocVerify\sota_comparison\trufor_output\train_attack_digital_1_scan_portugal-NF-1086_map.npy
train_attack_digital_1_scan_russian-140_03,0.3783281147480011,E:\PycharmProjects\DocVerify\sota_comparison\trufor_output\train_attack_digital_1_scan_russian-140_03_map.npy
train_attack_digital_1_scan_turkiye-041_03,0.476532906293869,E:\PycharmProjects\DocVerify\sota_comparison\trufor_output\train_attack_digital_1_scan_turkiye-041_03_map.npy
train_attack_digital_1_scan_turkiye-121_03,0.2180212438106537,E:\PycharmProjects\DocVerify\sota_comparison\trufor_output\train_attack_digital_1_scan_turkiye-121_03_map.npy
train_attack_digital_1_scan_ukraine-NF-1005,0.19421933591365814,E:\PycharmProjects\DocVerify\sota_comparison\trufor_output\train_attack_digital_1_scan_ukraine-NF-1005_map.npy
train_attack_digital_1_scan_ukraine-NF-1057,0.2823806405067444,E:\PycharmProjects\DocVerify\sota_comparison\trufor_output\train_attack_digital_1_scan_ukraine-NF-1057_map.npy
train_attack_digital_1_scan_usa-016_03,0.628485918045044,E:\PycharmProjects\DocVerify\sota_comparison\trufor_output\train_attack_digital_1_scan_usa-016_03_map.npy
train_attack_digital_1_scan_usa-136_03,0.1850062757730484,E:\PycharmProjects\DocVerify\sota_comparison\trufor_output\train_attack_digital_1_scan_usa-136_03_map.npy
train_attack_digital_1_scan_usa-137_03,0.3221464157104492,E:\PycharmProjects\DocVerify\sota_comparison\trufor_output\train_attack_digital_1_scan_usa-137_03_map.npy
train_attack_digital_1_scan_usa-NF-1017,0.3677706718444824,E:\PycharmProjects\DocVerify\sota_comparison\trufor_output\train_attack_digital_1_scan_usa-NF-1017_map.npy
train_attack_digital_1_scan_usa-NF-1093,0.3066813051700592,E:\PycharmProjects\DocVerify\sota_comparison\trufor_output\train_attack_digital_1_scan_usa-NF-1093_map.npy
train_attack_digital_2_huawei_arabic-024_03,0.46361443400382996,E:\PycharmProjects\DocVerify\sota_comparison\trufor_output\train_attack_digital_2_huawei_arabic-024_03_map.npy
train_attack_digital_2_huawei_arabic-139_03,0.3802092969417572,E:\PycharmProjects\DocVerify\sota_comparison\trufor_output\train_attack_digital_2_huawei_arabic-139_03_map.npy
train_attack_digital_2_huawei_arabic-NF-1040,0.6522186398506165,E:\PycharmProjects\DocVerify\sota_comparison\trufor_output\train_attack_digital_2_huawei_arabic-NF-1040_map.npy
train_attack_digital_2_huawei_arabic-NM-1029,0.8480304479598999,E:\PycharmProjects\DocVerify\sota_comparison\trufor_output\train_attack_digital_2_huawei_arabic-NM-1029_map.npy
train_attack_digital_2_huawei_chinese-001_03,0.5216725468635559,E:\PycharmProjects\DocVerify\sota_comparison\trufor_output\train_attack_digital_2_huawei_chinese-001_03_map.npy
train_attack_digital_2_huawei_chinese-081_03,0.8148627877235413,E:\PycharmProjects\DocVerify\sota_comparison\trufor_output\train_attack_digital_2_huawei_chinese-081_03_map.npy
train_attack_digital_2_huawei_chinese-102_03,0.7774080038070679,E:\PycharmProjects\DocVerify\sota_comparison\trufor_output\train_attack_digital_2_huawei_chinese-102_03_map.npy
train_attack_digital_2_huawei_chinese-142_03,0.7511889338493347,E:\PycharmProjects\DocVerify\sota_comparison\trufor_output\train_attack_digital_2_huawei_chinese-142_03_map.npy
train_attack_digital_2_huawei_chinese-NF-1101,0.7901657819747925,E:\PycharmProjects\DocVerify\sota_comparison\trufor_output\train_attack_digital_2_huawei_chinese-NF-1101_map.npy
train_attack_digital_2_huawei_chinese-NM-1092,0.5714231133460999,E:\PycharmProjects\DocVerify\sota_comparison\trufor_output\train_attack_digital_2_huawei_chinese-NM-1092_map.npy
train_attack_digital_2_huawei_french-091_03,0.7169056534767151,E:\PycharmProjects\DocVerify\sota_comparison\trufor_output\train_attack_digital_2_huawei_french-091_03_map.npy
train_attack_digital_2_huawei_french-097_03,0.6902152895927429,E:\PycharmProjects\DocVerify\sota_comparison\trufor_output\train_attack_digital_2_huawei_french-097_03_map.npy
train_attack_digital_2_huawei_french-128_03,0.7720978260040283,E:\PycharmProjects\DocVerify\sota_comparison\trufor_output\train_attack_digital_2_huawei_french-128_03_map.npy
train_attack_digital_2_huawei_french-NF-1063,0.46360504627227783,E:\PycharmProjects\DocVerify\sota_comparison\trufor_output\train_attack_digital_2_huawei_french-NF-1063_map.npy
train_attack_digital_2_huawei_indian-014_03,0.24116328358650208,E:\PycharmProjects\DocVerify\sota_comparison\trufor_output\train_attack_digital_2_huawei_indian-014_03_map.npy
train_attack_digital_2_huawei_indian-037_03,0.29184022545814514,E:\PycharmProjects\DocVerify\sota_comparison\trufor_output\train_attack_digital_2_huawei_indian-037_03_map.npy
train_attack_digital_2_huawei_persian-NF-1031,0.5607063174247742,E:\PycharmProjects\DocVerify\sota_comparison\trufor_output\train_attack_digital_2_huawei_persian-NF-1031_map.npy
train_attack_digital_2_huawei_persian-NF-1043,0.31025102734565735,E:\PycharmProjects\DocVerify\sota_comparison\trufor_output\train_attack_digital_2_huawei_persian-NF-1043_map.npy
train_attack_digital_2_huawei_persian-NM-1035,0.49592259526252747,E:\PycharmProjects\DocVerify\sota_comparison\trufor_output\train_attack_digital_2_huawei_persian-NM-1035_map.npy
train_attack_digital_2_huawei_portugal-105_03,0.27612948417663574,E:\PycharmProjects\DocVerify\sota_comparison\trufor_output\train_attack_digital_2_huawei_portugal-105_03_map.npy
train_attack_digital_2_huawei_portugal-NF-1024,0.19330762326717377,E:\PycharmProjects\DocVerify\sota_comparison\trufor_output\train_attack_digital_2_huawei_portugal-NF-1024_map.npy
train_attack_digital_2_huawei_portugal-NF-1086,0.213737353682518,E:\PycharmProjects\DocVerify\sota_comparison\trufor_output\train_attack_digital_2_huawei_portugal-NF-1086_map.npy
train_attack_digital_2_huawei_russian-140_03,0.3263908326625824,E:\PycharmProjects\DocVerify\sota_comparison\trufor_output\train_attack_digital_2_huawei_russian-140_03_map.npy
train_attack_digital_2_huawei_turkiye-041_03,0.2294711023569107,E:\PycharmProjects\DocVerify\sota_comparison\trufor_output\train_attack_digital_2_huawei_turkiye-041_03_map.npy
train_attack_digital_2_huawei_turkiye-121_03,0.22604651749134064,E:\PycharmProjects\DocVerify\sota_comparison\trufor_output\train_attack_digital_2_huawei_turkiye-121_03_map.npy
train_attack_digital_2_huawei_ukraine-NF-1005,0.316625714302063,E:\PycharmProjects\DocVerify\sota_comparison\trufor_output\train_attack_digital_2_huawei_ukraine-NF-1005_map.npy
train_attack_digital_2_huawei_ukraine-NF-1057,0.40327513217926025,E:\PycharmProjects\DocVerify\sota_comparison\trufor_output\train_attack_digital_2_huawei_ukraine-NF-1057_map.npy
train_attack_digital_2_huawei_usa-016_03,0.4967474639415741,E:\PycharmProjects\DocVerify\sota_comparison\trufor_output\train_attack_digital_2_huawei_usa-016_03_map.npy
train_attack_digital_2_huawei_usa-136_03,0.5906798243522644,E:\PycharmProjects\DocVerify\sota_comparison\trufor_output\train_attack_digital_2_huawei_usa-136_03_map.npy
train_attack_digital_2_huawei_usa-137_03,0.3955395817756653,E:\PycharmProjects\DocVerify\sota_comparison\trufor_output\train_attack_digital_2_huawei_usa-137_03_map.npy
train_attack_digital_2_huawei_usa-NF-1017,0.446767657995224,E:\PycharmProjects\DocVerify\sota_comparison\trufor_output\train_attack_digital_2_huawei_usa-NF-1017_map.npy
train_attack_digital_2_huawei_usa-NF-1093,0.4128268361091614,E:\PycharmProjects\DocVerify\sota_comparison\trufor_output\train_attack_digital_2_huawei_usa-NF-1093_map.npy
train_attack_digital_2_iphone15pro_arabic-024_03,0.2536032795906067,E:\PycharmProjects\DocVerify\sota_comparison\trufor_output\train_attack_digital_2_iphone15pro_arabic-024_03_map.npy
train_attack_digital_2_iphone15pro_arabic-139_03,0.34925615787506104,E:\PycharmProjects\DocVerify\sota_comparison\trufor_output\train_attack_digital_2_iphone15pro_arabic-139_03_map.npy
train_attack_digital_2_iphone15pro_arabic-NF-1040,0.3095996379852295,E:\PycharmProjects\DocVerify\sota_comparison\trufor_output\train_attack_digital_2_iphone15pro_arabic-NF-1040_map.npy
train_attack_digital_2_iphone15pro_arabic-NM-1029,0.2789587378501892,E:\PycharmProjects\DocVerify\sota_comparison\trufor_output\train_attack_digital_2_iphone15pro_arabic-NM-1029_map.npy
train_attack_digital_2_iphone15pro_chinese-001_03,0.4767352044582367,E:\PycharmProjects\DocVerify\sota_comparison\trufor_output\train_attack_digital_2_iphone15pro_chinese-001_03_map.npy
train_attack_digital_2_iphone15pro_chinese-081_03,0.8765822649002075,E:\PycharmProjects\DocVerify\sota_comparison\trufor_output\train_attack_digital_2_iphone15pro_chinese-081_03_map.npy
train_attack_digital_2_iphone15pro_chinese-102_03,0.8477993011474609,E:\PycharmProjects\DocVerify\sota_comparison\trufor_output\train_attack_digital_2_iphone15pro_chinese-102_03_map.npy
train_attack_digital_2_iphone15pro_chinese-142_03,0.7883113622665405,E:\PycharmProjects\DocVerify\sota_comparison\trufor_output\train_attack_digital_2_iphone15pro_chinese-142_03_map.npy
train_attack_digital_2_iphone15pro_chinese-NF-1101,0.8376793265342712,E:\PycharmProjects\DocVerify\sota_comparison\trufor_output\train_attack_digital_2_iphone15pro_chinese-NF-1101_map.npy
train_attack_digital_2_iphone15pro_chinese-NM-1092,0.8329645991325378,E:\PycharmProjects\DocVerify\sota_comparison\trufor_output\train_attack_digital_2_iphone15pro_chinese-NM-1092_map.npy
train_attack_digital_2_iphone15pro_french-091_03,0.6914384365081787,E:\PycharmProjects\DocVerify\sota_comparison\trufor_output\train_attack_digital_2_iphone15pro_french-091_03_map.npy
train_attack_digital_2_iphone15pro_french-097_03,0.4653436243534088,E:\PycharmProjects\DocVerify\sota_comparison\trufor_output\train_attack_digital_2_iphone15pro_french-097_03_map.npy
train_attack_digital_2_iphone15pro_french-128_03,0.39956963062286377,E:\PycharmProjects\DocVerify\sota_comparison\trufor_output\train_attack_digital_2_iphone15pro_french-128_03_map.npy
train_attack_digital_2_iphone15pro_french-NF-1063,0.29924747347831726,E:\PycharmProjects\DocVerify\sota_comparison\trufor_output\train_attack_digital_2_iphone15pro_french-NF-1063_map.npy
train_attack_digital_2_iphone15pro_indian-014_03,0.27296093106269836,E:\PycharmProjects\DocVerify\sota_comparison\trufor_output\train_attack_digital_2_iphone15pro_indian-014_03_map.npy
train_attack_digital_2_iphone15pro_indian-037_03,0.5732920169830322,E:\PycharmProjects\DocVerify\sota_comparison\trufor_output\train_attack_digital_2_iphone15pro_indian-037_03_map.npy
train_attack_digital_2_iphone15pro_persian-NF-1031,0.35902220010757446,E:\PycharmProjects\DocVerify\sota_comparison\trufor_output\train_attack_digital_2_iphone15pro_persian-NF-1031_map.npy
train_attack_digital_2_iphone15pro_persian-NF-1043,0.278130441904068,E:\PycharmProjects\DocVerify\sota_comparison\trufor_output\train_attack_digital_2_iphone15pro_persian-NF-1043_map.npy
train_attack_digital_2_iphone15pro_persian-NM-1035,0.5263410210609436,E:\PycharmProjects\DocVerify\sota_comparison\trufor_output\train_attack_digital_2_iphone15pro_persian-NM-1035_map.npy
train_attack_digital_2_iphone15pro_portugal-105_03,0.4154585301876068,E:\PycharmProjects\DocVerify\sota_comparison\trufor_output\train_attack_digital_2_iphone15pro_portugal-105_03_map.npy
train_attack_digital_2_iphone15pro_portugal-NF-1024,0.49441927671432495,E:\PycharmProjects\DocVerify\sota_comparison\trufor_output\train_attack_digital_2_iphone15pro_portugal-NF-1024_map.npy
train_attack_digital_2_iphone15pro_portugal-NF-1086,0.42007875442504883,E:\PycharmProjects\DocVerify\sota_comparison\trufor_output\train_attack_digital_2_iphone15pro_portugal-NF-1086_map.npy
train_attack_digital_2_iphone15pro_russian-140_03,0.3690697252750397,E:\PycharmProjects\DocVerify\sota_comparison\trufor_output\train_attack_digital_2_iphone15pro_russian-140_03_map.npy
train_attack_digital_2_iphone15pro_turkiye-041_03,0.3312136232852936,E:\PycharmProjects\DocVerify\sota_comparison\trufor_output\train_attack_digital_2_iphone15pro_turkiye-041_03_map.npy
train_attack_digital_2_iphone15pro_turkiye-121_03,0.6205139756202698,E:\PycharmProjects\DocVerify\sota_comparison\trufor_output\train_attack_digital_2_iphone15pro_turkiye-121_03_map.npy
train_attack_digital_2_iphone15pro_ukraine-NF-1005,0.33031484484672546,E:\PycharmProjects\DocVerify\sota_comparison\trufor_output\train_attack_digital_2_iphone15pro_ukraine-NF-1005_map.npy
train_attack_digital_2_iphone15pro_ukraine-NF-1057,0.3370935618877411,E:\PycharmProjects\DocVerify\sota_comparison\trufor_output\train_attack_digital_2_iphone15pro_ukraine-NF-1057_map.npy
train_attack_digital_2_iphone15pro_usa-016_03,0.627369225025177,E:\PycharmProjects\DocVerify\sota_comparison\trufor_output\train_attack_digital_2_iphone15pro_usa-016_03_map.npy
train_attack_digital_2_iphone15pro_usa-136_03,0.24981114268302917,E:\PycharmProjects\DocVerify\sota_comparison\trufor_output\train_attack_digital_2_iphone15pro_usa-136_03_map.npy
train_attack_digital_2_iphone15pro_usa-137_03,0.33116665482521057,E:\PycharmProjects\DocVerify\sota_comparison\trufor_output\train_attack_digital_2_iphone15pro_usa-137_03_map.npy
train_attack_digital_2_iphone15pro_usa-NF-1017,0.7192920446395874,E:\PycharmProjects\DocVerify\sota_comparison\trufor_output\train_attack_digital_2_iphone15pro_usa-NF-1017_map.npy
train_attack_digital_2_iphone15pro_usa-NF-1093,0.5344536304473877,E:\PycharmProjects\DocVerify\sota_comparison\trufor_output\train_attack_digital_2_iphone15pro_usa-NF-1093_map.npy
train_attack_digital_2_scan_arabic-024_03,0.23280766606330872,E:\PycharmProjects\DocVerify\sota_comparison\trufor_output\train_attack_digital_2_scan_arabic-024_03_map.npy
train_attack_digital_2_scan_arabic-139_03,0.33221399784088135,E:\PycharmProjects\DocVerify\sota_comparison\trufor_output\train_attack_digital_2_scan_arabic-139_03_map.npy
train_attack_digital_2_scan_arabic-NF-1040,0.3160174489021301,E:\PycharmProjects\DocVerify\sota_comparison\trufor_output\train_attack_digital_2_scan_arabic-NF-1040_map.npy
train_attack_digital_2_scan_arabic-NM-1029,0.24321827292442322,E:\PycharmProjects\DocVerify\sota_comparison\trufor_output\train_attack_digital_2_scan_arabic-NM-1029_map.npy
train_attack_digital_2_scan_chinese-001_03,0.16729354858398438,E:\PycharmProjects\DocVerify\sota_comparison\trufor_output\train_attack_digital_2_scan_chinese-001_03_map.npy
train_attack_digital_2_scan_chinese-081_03,0.3527701199054718,E:\PycharmProjects\DocVerify\sota_comparison\trufor_output\train_attack_digital_2_scan_chinese-081_03_map.npy
train_attack_digital_2_scan_chinese-102_03,0.3903784453868866,E:\PycharmProjects\DocVerify\sota_comparison\trufor_output\train_attack_digital_2_scan_chinese-102_03_map.npy
train_attack_digital_2_scan_chinese-142_03,0.2884414792060852,E:\PycharmProjects\DocVerify\sota_comparison\trufor_output\train_attack_digital_2_scan_chinese-142_03_map.npy
train_attack_digital_2_scan_chinese-NF-1101,0.4361456036567688,E:\PycharmProjects\DocVerify\sota_comparison\trufor_output\train_attack_digital_2_scan_chinese-NF-1101_map.npy
train_attack_digital_2_scan_chinese-NM-1092,0.3158298432826996,E:\PycharmProjects\DocVerify\sota_comparison\trufor_output\train_attack_digital_2_scan_chinese-NM-1092_map.npy
train_attack_digital_2_scan_french-091_03,0.4198724329471588,E:\PycharmProjects\DocVerify\sota_comparison\trufor_output\train_attack_digital_2_scan_french-091_03_map.npy
train_attack_digital_2_scan_french-097_03,0.10373973846435547,E:\PycharmProjects\DocVerify\sota_comparison\trufor_output\train_attack_digital_2_scan_french-097_03_map.npy
train_attack_digital_2_scan_french-128_03,0.7714930772781372,E:\PycharmProjects\DocVerify\sota_comparison\trufor_output\train_attack_digital_2_scan_french-128_03_map.npy
train_attack_digital_2_scan_french-NF-1063,0.1983325034379959,E:\PycharmProjects\DocVerify\sota_comparison\trufor_output\train_attack_digital_2_scan_french-NF-1063_map.npy
train_attack_digital_2_scan_indian-014_03,0.20374707877635956,E:\PycharmProjects\DocVerify\sota_comparison\trufor_output\train_attack_digital_2_scan_indian-014_03_map.npy
train_attack_digital_2_scan_indian-037_03,0.24704964458942413,E:\PycharmProjects\DocVerify\sota_comparison\trufor_output\train_attack_digital_2_scan_indian-037_03_map.npy
train_attack_digital_2_scan_persian-NF-1031,0.2573692202568054,E:\PycharmProjects\DocVerify\sota_comparison\trufor_output\train_attack_digital_2_scan_persian-NF-1031_map.npy
train_attack_digital_2_scan_persian-NF-1043,0.17642655968666077,E:\PycharmProjects\DocVerify\sota_comparison\trufor_output\train_attack_digital_2_scan_persian-NF-1043_map.npy
train_attack_digital_2_scan_persian-NM-1035,0.3286028802394867,E:\PycharmProjects\DocVerify\sota_comparison\trufor_output\train_attack_digital_2_scan_persian-NM-1035_map.npy
train_attack_digital_2_scan_portugal-105_03,0.14864002168178558,E:\PycharmProjects\DocVerify\sota_comparison\trufor_output\train_attack_digital_2_scan_portugal-105_03_map.npy
train_attack_digital_2_scan_portugal-NF-1024,0.1892259567975998,E:\PycharmProjects\DocVerify\sota_comparison\trufor_output\train_attack_digital_2_scan_portugal-NF-1024_map.npy
train_attack_digital_2_scan_portugal-NF-1086,0.19002830982208252,E:\PycharmProjects\DocVerify\sota_comparison\trufor_output\train_attack_digital_2_scan_portugal-NF-1086_map.npy
train_attack_digital_2_scan_russian-140_03,0.2616517245769501,E:\PycharmProjects\DocVerify\sota_comparison\trufor_output\train_attack_digital_2_scan_russian-140_03_map.npy
train_attack_digital_2_scan_turkiye-041_03,0.2441820353269577,E:\PycharmProjects\DocVerify\sota_comparison\trufor_output\train_attack_digital_2_scan_turkiye-041_03_map.npy
train_attack_digital_2_scan_turkiye-121_03,0.20247907936573029,E:\PycharmProjects\DocVerify\sota_comparison\trufor_output\train_attack_digital_2_scan_turkiye-121_03_map.npy
train_attack_digital_2_scan_ukraine-NF-1005,0.24765734374523163,E:\PycharmProjects\DocVerify\sota_comparison\trufor_output\train_attack_digital_2_scan_ukraine-NF-1005_map.npy
train_attack_digital_2_scan_ukraine-NF-1057,0.16303956508636475,E:\PycharmProjects\DocVerify\sota_comparison\trufor_output\train_attack_digital_2_scan_ukraine-NF-1057_map.npy
train_attack_digital_2_scan_usa-016_03,0.31213831901550293,E:\PycharmProjects\DocVerify\sota_comparison\trufor_output\train_attack_digital_2_scan_usa-016_03_map.npy
train_attack_digital_2_scan_usa-136_03,0.186629518866539,E:\PycharmProjects\DocVerify\sota_comparison\trufor_output\train_attack_digital_2_scan_usa-136_03_map.npy
train_attack_digital_2_scan_usa-137_03,0.20431475341320038,E:\PycharmProjects\DocVerify\sota_comparison\trufor_output\train_attack_digital_2_scan_usa-137_03_map.npy
train_attack_digital_2_scan_usa-NF-1017,0.20898321270942688,E:\PycharmProjects\DocVerify\sota_comparison\trufor_output\train_attack_digital_2_scan_usa-NF-1017_map.npy
train_attack_digital_2_scan_usa-NF-1093,0.23385491967201233,E:\PycharmProjects\DocVerify\sota_comparison\trufor_output\train_attack_digital_2_scan_usa-NF-1093_map.npy
test_bonafide_huawei_chinese2-flickr_F_16745558933_a3f9fe2bc9_k,0.35287418961524963,E:\PycharmProjects\DocVerify\sota_comparison\trufor_output\test_bonafide_huawei_chinese2-flickr_F_16745558933_a3f9fe2bc9_k_map.npy
test_bonafide_huawei_chinese2-flickr_F_21696826019_7407a3bea0_k,0.8420405387878418,E:\PycharmProjects\DocVerify\sota_comparison\trufor_output\test_bonafide_huawei_chinese2-flickr_F_21696826019_7407a3bea0_k_map.npy
test_bonafide_huawei_chinese2-flickr_F_33552328531_f6d5dd17b8_c,0.8816627860069275,E:\PycharmProjects\DocVerify\sota_comparison\trufor_output\test_bonafide_huawei_chinese2-flickr_F_33552328531_f6d5dd17b8_c_map.npy
test_bonafide_huawei_chinese2-flickr_M_16743317854_732a16acc8_k,0.812691867351532,E:\PycharmProjects\DocVerify\sota_comparison\trufor_output\test_bonafide_huawei_chinese2-flickr_M_16743317854_732a16acc8_k_map.npy
test_bonafide_huawei_chinese2-flickr_M_33552319041_2631ab0a0c_c,0.9538045525550842,E:\PycharmProjects\DocVerify\sota_comparison\trufor_output\test_bonafide_huawei_chinese2-flickr_M_33552319041_2631ab0a0c_c_map.npy
test_bonafide_huawei_netherland-flickr_F_10239917343_ca73cd29b5_h,0.2834227383136749,E:\PycharmProjects\DocVerify\sota_comparison\trufor_output\test_bonafide_huawei_netherland-flickr_F_10239917343_ca73cd29b5_h_map.npy
test_bonafide_huawei_netherland-flickr_F_31998547103_f617b19dfc_h,0.3658047318458557,E:\PycharmProjects\DocVerify\sota_comparison\trufor_output\test_bonafide_huawei_netherland-flickr_F_31998547103_f617b19dfc_h_map.npy
test_bonafide_huawei_netherland-flickr_F_37048326531_f8270ca4df_k,0.7032567262649536,E:\PycharmProjects\DocVerify\sota_comparison\trufor_output\test_bonafide_huawei_netherland-flickr_F_37048326531_f8270ca4df_k_map.npy
test_bonafide_huawei_netherland-flickr_M_19475853574_c947539b18_c,0.39838388562202454,E:\PycharmProjects\DocVerify\sota_comparison\trufor_output\test_bonafide_huawei_netherland-flickr_M_19475853574_c947539b18_c_map.npy
test_bonafide_huawei_netherland-flickr_M_30990255070_570d17d9d4_c,0.44216012954711914,E:\PycharmProjects\DocVerify\sota_comparison\trufor_output\test_bonafide_huawei_netherland-flickr_M_30990255070_570d17d9d4_c_map.npy
test_bonafide_huawei_netherland-flickr_M_33276713046_c88eb6c4c8_c,0.517661452293396,E:\PycharmProjects\DocVerify\sota_comparison\trufor_output\test_bonafide_huawei_netherland-flickr_M_33276713046_c88eb6c4c8_c_map.npy
test_bonafide_huawei_netherland-flickr_M_37190718595_78e318623b_k,0.4737171530723572,E:\PycharmProjects\DocVerify\sota_comparison\trufor_output\test_bonafide_huawei_netherland-flickr_M_37190718595_78e318623b_k_map.npy
test_bonafide_huawei_singapore-flickr_F_32272417100_7c8c616f37_c,0.6122959852218628,E:\PycharmProjects\DocVerify\sota_comparison\trufor_output\test_bonafide_huawei_singapore-flickr_F_32272417100_7c8c616f37_c_map.npy
test_bonafide_huawei_singapore-flickr_F_33574462985_422fca6322_c,0.5187867283821106,E:\PycharmProjects\DocVerify\sota_comparison\trufor_output\test_bonafide_huawei_singapore-flickr_F_33574462985_422fca6322_c_map.npy
test_bonafide_huawei_singapore-flickr_M_24170605047_501e882ccc_o,0.7116988897323608,E:\PycharmProjects\DocVerify\sota_comparison\trufor_output\test_bonafide_huawei_singapore-flickr_M_24170605047_501e882ccc_o_map.npy
test_bonafide_iphone15_chinese2-flickr_F_16745558933_a3f9fe2bc9_k,0.4570818841457367,E:\PycharmProjects\DocVerify\sota_comparison\trufor_output\test_bonafide_iphone15_chinese2-flickr_F_16745558933_a3f9fe2bc9_k_map.npy
test_bonafide_iphone15_chinese2-flickr_F_21696826019_7407a3bea0_k,0.4624080955982208,E:\PycharmProjects\DocVerify\sota_comparison\trufor_output\test_bonafide_iphone15_chinese2-flickr_F_21696826019_7407a3bea0_k_map.npy
test_bonafide_iphone15_chinese2-flickr_F_33552328531_f6d5dd17b8_c,0.7128424048423767,E:\PycharmProjects\DocVerify\sota_comparison\trufor_output\test_bonafide_iphone15_chinese2-flickr_F_33552328531_f6d5dd17b8_c_map.npy
test_bonafide_iphone15_chinese2-flickr_M_16743317854_732a16acc8_k,0.4084584712982178,E:\PycharmProjects\DocVerify\sota_comparison\trufor_output\test_bonafide_iphone15_chinese2-flickr_M_16743317854_732a16acc8_k_map.npy
test_bonafide_iphone15_chinese2-flickr_M_33552319041_2631ab0a0c_c,0.7474987506866455,E:\PycharmProjects\DocVerify\sota_comparison\trufor_output\test_bonafide_iphone15_chinese2-flickr_M_33552319041_2631ab0a0c_c_map.npy
test_bonafide_iphone15_netherland-flickr_F_10239917343_ca73cd29b5_h,0.2119685560464859,E:\PycharmProjects\DocVerify\sota_comparison\trufor_output\test_bonafide_iphone15_netherland-flickr_F_10239917343_ca73cd29b5_h_map.npy
test_bonafide_iphone15_netherland-flickr_F_31998547103_f617b19dfc_h,0.30185726284980774,E:\PycharmProjects\DocVerify\sota_comparison\trufor_output\test_bonafide_iphone15_netherland-flickr_F_31998547103_f617b19dfc_h_map.npy
test_bonafide_iphone15_netherland-flickr_F_37048326531_f8270ca4df_k,0.4331384003162384,E:\PycharmProjects\DocVerify\sota_comparison\trufor_output\test_bonafide_iphone15_netherland-flickr_F_37048326531_f8270ca4df_k_map.npy
test_bonafide_iphone15_netherland-flickr_M_19475853574_c947539b18_c,0.5034586191177368,E:\PycharmProjects\DocVerify\sota_comparison\trufor_output\test_bonafide_iphone15_netherland-flickr_M_19475853574_c947539b18_c_map.npy
test_bonafide_iphone15_netherland-flickr_M_30990255070_570d17d9d4_c,0.3659387230873108,E:\PycharmProjects\DocVerify\sota_comparison\trufor_output\test_bonafide_iphone15_netherland-flickr_M_30990255070_570d17d9d4_c_map.npy
test_bonafide_iphone15_netherland-flickr_M_33276713046_c88eb6c4c8_c,0.4200395345687866,E:\PycharmProjects\DocVerify\sota_comparison\trufor_output\test_bonafide_iphone15_netherland-flickr_M_33276713046_c88eb6c4c8_c_map.npy
test_bonafide_iphone15_netherland-flickr_M_37190718595_78e318623b_k,0.39084067940711975,E:\PycharmProjects\DocVerify\sota_comparison\trufor_output\test_bonafide_iphone15_netherland-flickr_M_37190718595_78e318623b_k_map.npy
test_bonafide_iphone15_singapore-flickr_F_32272417100_7c8c616f37_c,0.8258055448532104,E:\PycharmProjects\DocVerify\sota_comparison\trufor_output\test_bonafide_iphone15_singapore-flickr_F_32272417100_7c8c616f37_c_map.npy
test_bonafide_iphone15_singapore-flickr_F_33574462985_422fca6322_c,0.8298277854919434,E:\PycharmProjects\DocVerify\sota_comparison\trufor_output\test_bonafide_iphone15_singapore-flickr_F_33574462985_422fca6322_c_map.npy
test_bonafide_iphone15_singapore-flickr_M_24170605047_501e882ccc_o,0.7265938520431519,E:\PycharmProjects\DocVerify\sota_comparison\trufor_output\test_bonafide_iphone15_singapore-flickr_M_24170605047_501e882ccc_o_map.npy
test_bonafide_scan_chinese2-flickr_F_16745558933_a3f9fe2bc9_k,0.51617032289505,E:\PycharmProjects\DocVerify\sota_comparison\trufor_output\test_bonafide_scan_chinese2-flickr_F_16745558933_a3f9fe2bc9_k_map.npy
test_bonafide_scan_chinese2-flickr_F_21696826019_7407a3bea0_k,0.31524962186813354,E:\PycharmProjects\DocVerify\sota_comparison\trufor_output\test_bonafide_scan_chinese2-flickr_F_21696826019_7407a3bea0_k_map.npy
test_bonafide_scan_chinese2-flickr_F_33552328531_f6d5dd17b8_c,0.5709553956985474,E:\PycharmProjects\DocVerify\sota_comparison\trufor_output\test_bonafide_scan_chinese2-flickr_F_33552328531_f6d5dd17b8_c_map.npy
test_bonafide_scan_chinese2-flickr_M_16743317854_732a16acc8_k,0.3494787812232971,E:\PycharmProjects\DocVerify\sota_comparison\trufor_output\test_bonafide_scan_chinese2-flickr_M_16743317854_732a16acc8_k_map.npy
test_bonafide_scan_chinese2-flickr_M_33552319041_2631ab0a0c_c,0.5206634402275085,E:\PycharmProjects\DocVerify\sota_comparison\trufor_output\test_bonafide_scan_chinese2-flickr_M_33552319041_2631ab0a0c_c_map.npy
test_bonafide_scan_netherland-flickr_F_10239917343_ca73cd29b5_h,0.29655876755714417,E:\PycharmProjects\DocVerify\sota_comparison\trufor_output\test_bonafide_scan_netherland-flickr_F_10239917343_ca73cd29b5_h_map.npy
test_bonafide_scan_netherland-flickr_F_31998547103_f617b19dfc_h,0.27038487792015076,E:\PycharmProjects\DocVerify\sota_comparison\trufor_output\test_bonafide_scan_netherland-flickr_F_31998547103_f617b19dfc_h_map.npy
test_bonafide_scan_netherland-flickr_F_37048326531_f8270ca4df_k,0.4258776903152466,E:\PycharmProjects\DocVerify\sota_comparison\trufor_output\test_bonafide_scan_netherland-flickr_F_37048326531_f8270ca4df_k_map.npy
test_bonafide_scan_netherland-flickr_M_19475853574_c947539b18_c,0.21293359994888306,E:\PycharmProjects\DocVerify\sota_comparison\trufor_output\test_bonafide_scan_netherland-flickr_M_19475853574_c947539b18_c_map.npy
test_bonafide_scan_netherland-flickr_M_30990255070_570d17d9d4_c,0.277464896440506,E:\PycharmProjects\DocVerify\sota_comparison\trufor_output\test_bonafide_scan_netherland-flickr_M_30990255070_570d17d9d4_c_map.npy
test_bonafide_scan_netherland-flickr_M_33276713046_c88eb6c4c8_c,0.29586708545684814,E:\PycharmProjects\DocVerify\sota_comparison\trufor_output\test_bonafide_scan_netherland-flickr_M_33276713046_c88eb6c4c8_c_map.npy
test_bonafide_scan_netherland-flickr_M_37190718595_78e318623b_k,0.2800579369068146,E:\PycharmProjects\DocVerify\sota_comparison\trufor_output\test_bonafide_scan_netherland-flickr_M_37190718595_78e318623b_k_map.npy
test_bonafide_scan_singapore-flickr_F_32272417100_7c8c616f37_c,0.3985770046710968,E:\PycharmProjects\DocVerify\sota_comparison\trufor_output\test_bonafide_scan_singapore-flickr_F_32272417100_7c8c616f37_c_map.npy
test_bonafide_scan_singapore-flickr_F_33574462985_422fca6322_c,0.27563974261283875,E:\PycharmProjects\DocVerify\sota_comparison\trufor_output\test_bonafide_scan_singapore-flickr_F_33574462985_422fca6322_c_map.npy
test_bonafide_scan_singapore-flickr_M_24170605047_501e882ccc_o,0.46876129508018494,E:\PycharmProjects\DocVerify\sota_comparison\trufor_output\test_bonafide_scan_singapore-flickr_M_24170605047_501e882ccc_o_map.npy
train_bonafide_huawei_arabic-024_03,0.7006752490997314,E:\PycharmProjects\DocVerify\sota_comparison\trufor_output\train_bonafide_huawei_arabic-024_03_map.npy
train_bonafide_huawei_arabic-139_03,0.7534016966819763,E:\PycharmProjects\DocVerify\sota_comparison\trufor_output\train_bonafide_huawei_arabic-139_03_map.npy
train_bonafide_huawei_arabic-NF-1040,0.7290095686912537,E:\PycharmProjects\DocVerify\sota_comparison\trufor_output\train_bonafide_huawei_arabic-NF-1040_map.npy
train_bonafide_huawei_arabic-NM-1029,0.8908109068870544,E:\PycharmProjects\DocVerify\sota_comparison\trufor_output\train_bonafide_huawei_arabic-NM-1029_map.npy
train_bonafide_huawei_chinese-001_03,0.8969026207923889,E:\PycharmProjects\DocVerify\sota_comparison\trufor_output\train_bonafide_huawei_chinese-001_03_map.npy
train_bonafide_huawei_chinese-081_03,0.7154605984687805,E:\PycharmProjects\DocVerify\sota_comparison\trufor_output\train_bonafide_huawei_chinese-081_03_map.npy
train_bonafide_huawei_chinese-102_03,0.7234346270561218,E:\PycharmProjects\DocVerify\sota_comparison\trufor_output\train_bonafide_huawei_chinese-102_03_map.npy
train_bonafide_huawei_chinese-142_03,0.8418802618980408,E:\PycharmProjects\DocVerify\sota_comparison\trufor_output\train_bonafide_huawei_chinese-142_03_map.npy
train_bonafide_huawei_chinese-NF-1101,0.7610418200492859,E:\PycharmProjects\DocVerify\sota_comparison\trufor_output\train_bonafide_huawei_chinese-NF-1101_map.npy
train_bonafide_huawei_chinese-NM-1092,0.6443730592727661,E:\PycharmProjects\DocVerify\sota_comparison\trufor_output\train_bonafide_huawei_chinese-NM-1092_map.npy
train_bonafide_huawei_french-091_03,0.5296200513839722,E:\PycharmProjects\DocVerify\sota_comparison\trufor_output\train_bonafide_huawei_french-091_03_map.npy
train_bonafide_huawei_french-097_03,0.384158194065094,E:\PycharmProjects\DocVerify\sota_comparison\trufor_output\train_bonafide_huawei_french-097_03_map.npy
train_bonafide_huawei_french-128_03,0.7880104780197144,E:\PycharmProjects\DocVerify\sota_comparison\trufor_output\train_bonafide_huawei_french-128_03_map.npy
train_bonafide_huawei_french-NF-1063,0.32516539096832275,E:\PycharmProjects\DocVerify\sota_comparison\trufor_output\train_bonafide_huawei_french-NF-1063_map.npy
train_bonafide_huawei_indian-014_03,0.2550148665904999,E:\PycharmProjects\DocVerify\sota_comparison\trufor_output\train_bonafide_huawei_indian-014_03_map.npy
train_bonafide_huawei_indian-037_03,0.5491747856140137,E:\PycharmProjects\DocVerify\sota_comparison\trufor_output\train_bonafide_huawei_indian-037_03_map.npy
train_bonafide_huawei_persian-NF-1031,0.5434252619743347,E:\PycharmProjects\DocVerify\sota_comparison\trufor_output\train_bonafide_huawei_persian-NF-1031_map.npy
train_bonafide_huawei_persian-NF-1043,0.2619101405143738,E:\PycharmProjects\DocVerify\sota_comparison\trufor_output\train_bonafide_huawei_persian-NF-1043_map.npy
train_bonafide_huawei_persian-NM-1035,0.49091899394989014,E:\PycharmProjects\DocVerify\sota_comparison\trufor_output\train_bonafide_huawei_persian-NM-1035_map.npy
train_bonafide_huawei_portugal-105_03,0.3031655251979828,E:\PycharmProjects\DocVerify\sota_comparison\trufor_output\train_bonafide_huawei_portugal-105_03_map.npy
train_bonafide_huawei_portugal-NF-1024,0.2617132067680359,E:\PycharmProjects\DocVerify\sota_comparison\trufor_output\train_bonafide_huawei_portugal-NF-1024_map.npy
train_bonafide_huawei_portugal-NF-1086,0.2745141088962555,E:\PycharmProjects\DocVerify\sota_comparison\trufor_output\train_bonafide_huawei_portugal-NF-1086_map.npy
train_bonafide_huawei_russian-140_03,0.5871582627296448,E:\PycharmProjects\DocVerify\sota_comparison\trufor_output\train_bonafide_huawei_russian-140_03_map.npy
train_bonafide_huawei_turkiye-041_03,0.2908313572406769,E:\PycharmProjects\DocVerify\sota_comparison\trufor_output\train_bonafide_huawei_turkiye-041_03_map.npy
train_bonafide_huawei_turkiye-121_03,0.2546108067035675,E:\PycharmProjects\DocVerify\sota_comparison\trufor_output\train_bonafide_huawei_turkiye-121_03_map.npy
train_bonafide_huawei_ukraine-NF-1005,0.2792932391166687,E:\PycharmProjects\DocVerify\sota_comparison\trufor_output\train_bonafide_huawei_ukraine-NF-1005_map.npy
train_bonafide_huawei_ukraine-NF-1057,0.3163509964942932,E:\PycharmProjects\DocVerify\sota_comparison\trufor_output\train_bonafide_huawei_ukraine-NF-1057_map.npy
train_bonafide_huawei_usa-016_03,0.5669741630554199,E:\PycharmProjects\DocVerify\sota_comparison\trufor_output\train_bonafide_huawei_usa-016_03_map.npy
train_bonafide_huawei_usa-136_03,0.7395235300064087,E:\PycharmProjects\DocVerify\sota_comparison\trufor_output\train_bonafide_huawei_usa-136_03_map.npy
train_bonafide_huawei_usa-137_03,0.665243923664093,E:\PycharmProjects\DocVerify\sota_comparison\trufor_output\train_bonafide_huawei_usa-137_03_map.npy
train_bonafide_huawei_usa-NF-1017,0.45300838351249695,E:\PycharmProjects\DocVerify\sota_comparison\trufor_output\train_bonafide_huawei_usa-NF-1017_map.npy
train_bonafide_huawei_usa-NF-1093,0.6139993071556091,E:\PycharmProjects\DocVerify\sota_comparison\trufor_output\train_bonafide_huawei_usa-NF-1093_map.npy
train_bonafide_iphone15pro_arabic-024_03,0.15807245671749115,E:\PycharmProjects\DocVerify\sota_comparison\trufor_output\train_bonafide_iphone15pro_arabic-024_03_map.npy
train_bonafide_iphone15pro_arabic-139_03,0.2780555784702301,E:\PycharmProjects\DocVerify\sota_comparison\trufor_output\train_bonafide_iphone15pro_arabic-139_03_map.npy
train_bonafide_iphone15pro_arabic-NF-1040,0.2246405929327011,E:\PycharmProjects\DocVerify\sota_comparison\trufor_output\train_bonafide_iphone15pro_arabic-NF-1040_map.npy
train_bonafide_iphone15pro_arabic-NM-1029,0.20774544775485992,E:\PycharmProjects\DocVerify\sota_comparison\trufor_output\train_bonafide_iphone15pro_arabic-NM-1029_map.npy
train_bonafide_iphone15pro_chinese-001_03,0.850970447063446,E:\PycharmProjects\DocVerify\sota_comparison\trufor_output\train_bonafide_iphone15pro_chinese-001_03_map.npy
train_bonafide_iphone15pro_chinese-081_03,0.510873556137085,E:\PycharmProjects\DocVerify\sota_comparison\trufor_output\train_bonafide_iphone15pro_chinese-081_03_map.npy
train_bonafide_iphone15pro_chinese-102_03,0.37440845370292664,E:\PycharmProjects\DocVerify\sota_comparison\trufor_output\train_bonafide_iphone15pro_chinese-102_03_map.npy
train_bonafide_iphone15pro_chinese-142_03,0.684505045413971,E:\PycharmProjects\DocVerify\sota_comparison\trufor_output\train_bonafide_iphone15pro_chinese-142_03_map.npy
train_bonafide_iphone15pro_chinese-NF-1101,0.684471607208252,E:\PycharmProjects\DocVerify\sota_comparison\trufor_output\train_bonafide_iphone15pro_chinese-NF-1101_map.npy
train_bonafide_iphone15pro_chinese-NM-1092,0.4129880666732788,E:\PycharmProjects\DocVerify\sota_comparison\trufor_output\train_bonafide_iphone15pro_chinese-NM-1092_map.npy
train_bonafide_iphone15pro_french-091_03,0.37756848335266113,E:\PycharmProjects\DocVerify\sota_comparison\trufor_output\train_bonafide_iphone15pro_french-091_03_map.npy
train_bonafide_iphone15pro_french-097_03,0.19088323414325714,E:\PycharmProjects\DocVerify\sota_comparison\trufor_output\train_bonafide_iphone15pro_french-097_03_map.npy
train_bonafide_iphone15pro_french-128_03,0.24845552444458008,E:\PycharmProjects\DocVerify\sota_comparison\trufor_output\train_bonafide_iphone15pro_french-128_03_map.npy
train_bonafide_iphone15pro_french-NF-1063,0.18480272591114044,E:\PycharmProjects\DocVerify\sota_comparison\trufor_output\train_bonafide_iphone15pro_french-NF-1063_map.npy
train_bonafide_iphone15pro_indian-014_03,0.11715564131736755,E:\PycharmProjects\DocVerify\sota_comparison\trufor_output\train_bonafide_iphone15pro_indian-014_03_map.npy
train_bonafide_iphone15pro_indian-037_03,0.2497849464416504,E:\PycharmProjects\DocVerify\sota_comparison\trufor_output\train_bonafide_iphone15pro_indian-037_03_map.npy
train_bonafide_iphone15pro_persian-NF-1031,0.12878644466400146,E:\PycharmProjects\DocVerify\sota_comparison\trufor_output\train_bonafide_iphone15pro_persian-NF-1031_map.npy
train_bonafide_iphone15pro_persian-NF-1043,0.18217317759990692,E:\PycharmProjects\DocVerify\sota_comparison\trufor_output\train_bonafide_iphone15pro_persian-NF-1043_map.npy
train_bonafide_iphone15pro_persian-NM-1035,0.19508644938468933,E:\PycharmProjects\DocVerify\sota_comparison\trufor_output\train_bonafide_iphone15pro_persian-NM-1035_map.npy
train_bonafide_iphone15pro_portugal-105_03,0.33812621235847473,E:\PycharmProjects\DocVerify\sota_comparison\trufor_output\train_bonafide_iphone15pro_portugal-105_03_map.npy
train_bonafide_iphone15pro_portugal-NF-1024,0.26091673970222473,E:\PycharmProjects\DocVerify\sota_comparison\trufor_output\train_bonafide_iphone15pro_portugal-NF-1024_map.npy
train_bonafide_iphone15pro_portugal-NF-1086,0.3182113468647003,E:\PycharmProjects\DocVerify\sota_comparison\trufor_output\train_bonafide_iphone15pro_portugal-NF-1086_map.npy
train_bonafide_iphone15pro_russian-140_03,0.33057522773742676,E:\PycharmProjects\DocVerify\sota_comparison\trufor_output\train_bonafide_iphone15pro_russian-140_03_map.npy
train_bonafide_iphone15pro_turkiye-041_03,0.26754745841026306,E:\PycharmProjects\DocVerify\sota_comparison\trufor_output\train_bonafide_iphone15pro_turkiye-041_03_map.npy
train_bonafide_iphone15pro_turkiye-121_03,0.4582579433917999,E:\PycharmProjects\DocVerify\sota_comparison\trufor_output\train_bonafide_iphone15pro_turkiye-121_03_map.npy
train_bonafide_iphone15pro_ukraine-NF-1005,0.2135760337114334,E:\PycharmProjects\DocVerify\sota_comparison\trufor_output\train_bonafide_iphone15pro_ukraine-NF-1005_map.npy
train_bonafide_iphone15pro_ukraine-NF-1057,0.1810019612312317,E:\PycharmProjects\DocVerify\sota_comparison\trufor_output\train_bonafide_iphone15pro_ukraine-NF-1057_map.npy
train_bonafide_iphone15pro_usa-016_03,0.2200559824705124,E:\PycharmProjects\DocVerify\sota_comparison\trufor_output\train_bonafide_iphone15pro_usa-016_03_map.npy
train_bonafide_iphone15pro_usa-136_03,0.17815566062927246,E:\PycharmProjects\DocVerify\sota_comparison\trufor_output\train_bonafide_iphone15pro_usa-136_03_map.npy
train_bonafide_iphone15pro_usa-137_03,0.26222386956214905,E:\PycharmProjects\DocVerify\sota_comparison\trufor_output\train_bonafide_iphone15pro_usa-137_03_map.npy
train_bonafide_iphone15pro_usa-NF-1017,0.29146429896354675,E:\PycharmProjects\DocVerify\sota_comparison\trufor_output\train_bonafide_iphone15pro_usa-NF-1017_map.npy
train_bonafide_iphone15pro_usa-NF-1093,0.12324713170528412,E:\PycharmProjects\DocVerify\sota_comparison\trufor_output\train_bonafide_iphone15pro_usa-NF-1093_map.npy
train_bonafide_scan_arabic-024_03,0.2283969223499298,E:\PycharmProjects\DocVerify\sota_comparison\trufor_output\train_bonafide_scan_arabic-024_03_map.npy
train_bonafide_scan_arabic-139_03,0.3446884751319885,E:\PycharmProjects\DocVerify\sota_comparison\trufor_output\train_bonafide_scan_arabic-139_03_map.npy
train_bonafide_scan_arabic-NF-1040,0.28162065148353577,E:\PycharmProjects\DocVerify\sota_comparison\trufor_output\train_bonafide_scan_arabic-NF-1040_map.npy
train_bonafide_scan_arabic-NM-1029,0.23135432600975037,E:\PycharmProjects\DocVerify\sota_comparison\trufor_output\train_bonafide_scan_arabic-NM-1029_map.npy
train_bonafide_scan_chinese-001_03,0.3343874514102936,E:\PycharmProjects\DocVerify\sota_comparison\trufor_output\train_bonafide_scan_chinese-001_03_map.npy
train_bonafide_scan_chinese-081_03,0.3556545078754425,E:\PycharmProjects\DocVerify\sota_comparison\trufor_output\train_bonafide_scan_chinese-081_03_map.npy
train_bonafide_scan_chinese-102_03,0.26431402564048767,E:\PycharmProjects\DocVerify\sota_comparison\trufor_output\train_bonafide_scan_chinese-102_03_map.npy
train_bonafide_scan_chinese-142_03,0.24352137744426727,E:\PycharmProjects\DocVerify\sota_comparison\trufor_output\train_bonafide_scan_chinese-142_03_map.npy
train_bonafide_scan_chinese-NF-1101,0.6435603499412537,E:\PycharmProjects\DocVerify\sota_comparison\trufor_output\train_bonafide_scan_chinese-NF-1101_map.npy
train_bonafide_scan_chinese-NM-1092,0.4792175889015198,E:\PycharmProjects\DocVerify\sota_comparison\trufor_output\train_bonafide_scan_chinese-NM-1092_map.npy
train_bonafide_scan_french-091_03,0.5200492143630981,E:\PycharmProjects\DocVerify\sota_comparison\trufor_output\train_bonafide_scan_french-091_03_map.npy
train_bonafide_scan_french-097_03,0.1166570633649826,E:\PycharmProjects\DocVerify\sota_comparison\trufor_output\train_bonafide_scan_french-097_03_map.npy
train_bonafide_scan_french-128_03,0.43378880620002747,E:\PycharmProjects\DocVerify\sota_comparison\trufor_output\train_bonafide_scan_french-128_03_map.npy
train_bonafide_scan_french-NF-1063,0.19004197418689728,E:\PycharmProjects\DocVerify\sota_comparison\trufor_output\train_bonafide_scan_french-NF-1063_map.npy
train_bonafide_scan_indian-014_03,0.1892627477645874,E:\PycharmProjects\DocVerify\sota_comparison\trufor_output\train_bonafide_scan_indian-014_03_map.npy
train_bonafide_scan_indian-037_03,0.20774494111537933,E:\PycharmProjects\DocVerify\sota_comparison\trufor_output\train_bonafide_scan_indian-037_03_map.npy
train_bonafide_scan_persian-NF-1031,0.1810372769832611,E:\PycharmProjects\DocVerify\sota_comparison\trufor_output\train_bonafide_scan_persian-NF-1031_map.npy
train_bonafide_scan_persian-NF-1043,0.18926376104354858,E:\PycharmProjects\DocVerify\sota_comparison\trufor_output\train_bonafide_scan_persian-NF-1043_map.npy
train_bonafide_scan_persian-NM-1035,0.3064455986022949,E:\PycharmProjects\DocVerify\sota_comparison\trufor_output\train_bonafide_scan_persian-NM-1035_map.npy
train_bonafide_scan_portugal-105_03,0.1764792650938034,E:\PycharmProjects\DocVerify\sota_comparison\trufor_output\train_bonafide_scan_portugal-105_03_map.npy
train_bonafide_scan_portugal-NF-1024,0.19193033874034882,E:\PycharmProjects\DocVerify\sota_comparison\trufor_output\train_bonafide_scan_portugal-NF-1024_map.npy
train_bonafide_scan_portugal-NF-1086,0.1542993187904358,E:\PycharmProjects\DocVerify\sota_comparison\trufor_output\train_bonafide_scan_portugal-NF-1086_map.npy
train_bonafide_scan_russian-140_03,0.2678317129611969,E:\PycharmProjects\DocVerify\sota_comparison\trufor_output\train_bonafide_scan_russian-140_03_map.npy
train_bonafide_scan_turkiye-041_03,0.28715527057647705,E:\PycharmProjects\DocVerify\sota_comparison\trufor_output\train_bonafide_scan_turkiye-041_03_map.npy
train_bonafide_scan_turkiye-121_03,0.2893800437450409,E:\PycharmProjects\DocVerify\sota_comparison\trufor_output\train_bonafide_scan_turkiye-121_03_map.npy
train_bonafide_scan_ukraine-NF-1005,0.34534141421318054,E:\PycharmProjects\DocVerify\sota_comparison\trufor_output\train_bonafide_scan_ukraine-NF-1005_map.npy
train_bonafide_scan_ukraine-NF-1057,0.18865296244621277,E:\PycharmProjects\DocVerify\sota_comparison\trufor_output\train_bonafide_scan_ukraine-NF-1057_map.npy
train_bonafide_scan_usa-016_03,0.4295729100704193,E:\PycharmProjects\DocVerify\sota_comparison\trufor_output\train_bonafide_scan_usa-016_03_map.npy
train_bonafide_scan_usa-136_03,0.26600006222724915,E:\PycharmProjects\DocVerify\sota_comparison\trufor_output\train_bonafide_scan_usa-136_03_map.npy
train_bonafide_scan_usa-137_03,0.2170724868774414,E:\PycharmProjects\DocVerify\sota_comparison\trufor_output\train_bonafide_scan_usa-137_03_map.npy
train_bonafide_scan_usa-NF-1017,0.20167362689971924,E:\PycharmProjects\DocVerify\sota_comparison\trufor_output\train_bonafide_scan_usa-NF-1017_map.npy
train_bonafide_scan_usa-NF-1093,0.19917704164981842,E:\PycharmProjects\DocVerify\sota_comparison\trufor_output\train_bonafide_scan_usa-NF-1093_map.npy
