pos_weight,seed,train_time_sec,thr_cls_from_val_sel,recall_attack,recall_bonafide,test_pr_auc,test_roc_auc,test_bacc,test_f1_1,test_f1_macro,test_prec1,test_rec1,test_cm_TN_FP_FN_TP,test_dice_global,test_dice_pos_mean,test_miou,test_pix_specificity,test_pix_f1,test_pix_prec,test_pix_rec,hp_lr,hp_weight_decay,hp_dropout_rate,hp_dec_ch,hp_loss_w_mask
0.3971915747241725,42,569.7143178000115,0.6703300000000001,0.9551820728291317,0.9858156028368794,0.9984259812968628,0.9959274489937819,0.9704988378330055,0.9742857142857143,0.9567374517374517,0.9941690962099126,0.9551820728291317,"[139, 2, 16, 341]",0.892063576939958,0.8965511268594352,0.8962903031453211,0.9952386399964763,0.892063576440279,0.9166806511159584,0.8687340876049033,0.0005210428342433,4.270619197053439e-05,0.1026597729192287,192,2.4587533769729157
0.3971915747241725,43,410.3542458000011,0.22877200000000003,0.9663865546218487,0.9290780141843972,0.9968342836915922,0.9913383793233606,0.947732284403123,0.9691011235955056,0.9458181674315556,0.971830985915493,0.9663865546218487,"[131, 10, 12, 345]",0.8744982215791819,0.8750649887640604,0.8811878212293084,0.9942045487623875,0.8744982210794955,0.8985932287579169,0.8516616446010091,0.0005210428342433,4.270619197053439e-05,0.1026597729192287,192,2.4587533769729157
0.3971915747241725,44,339.58528980001574,0.9520480000000001,0.9131652661064426,0.9858156028368794,0.9968633450699913,0.9914973081431154,0.949490434471661,0.9518248175182482,0.9228577463797029,0.9939024390243902,0.9131652661064426,"[139, 2, 31, 326]",0.87594036650075,0.8844310616244789,0.8824022365416989,0.9942123988599791,0.8759403660010329,0.8989722717054358,0.854059147313769,0.0005210428342433,4.270619197053439e-05,0.1026597729192287,192,2.4587533769729157
0.3971915747241725,45,426.2729018999962,0.9800200000000001,0.9495798319327731,0.9929078014184397,0.9977111568641505,0.9936825794147446,0.9712438166756063,0.9727403156384505,0.9545975825683892,0.9970588235294118,0.9495798319327731,"[140, 1, 18, 339]",0.8563260354874259,0.8557873440055954,0.8661300684161262,0.9939699793597596,0.856326034988161,0.8917304747320055,0.8236255701721664,0.0005210428342433,4.270619197053439e-05,0.1026597729192287,192,2.4587533769729157
0.3971915747241725,46,447.3660649000085,0.8761240000000001,0.9663865546218487,1.0,0.9987990662348686,0.9967419591950255,0.9831932773109244,0.9829059829059829,0.9710448281876853,1.0,0.9663865546218487,"[141, 0, 12, 345]",0.8719726364756247,0.8810014457595783,0.8791290486961136,0.9947031360418518,0.8719726359762597,0.9054191768076228,0.8409091228954114,0.0005210428342433,4.270619197053439e-05,0.1026597729192287,192,2.4587533769729157
0.3971915747241725,47,565.6263860000181,0.9260740000000001,0.9551820728291317,0.9787234042553191,0.9962583673643939,0.9902258775850766,0.9669527385422254,0.9728958630527818,0.9542445416958825,0.9912790697674418,0.9551820728291317,"[138, 3, 16, 341]",0.8815596331262233,0.8867063175062505,0.8871483986637226,0.9941012669378585,0.8815596326263566,0.8984321286854176,0.8653091842579699,0.0005210428342433,4.270619197053439e-05,0.1026597729192287,192,2.4587533769729157
0.3971915747241725,48,397.7153876000084,0.548452,0.9551820728291317,0.9574468085106383,0.9959308401798224,0.9882392673381409,0.956314440669885,0.96875,0.9467037671232876,0.9827089337175793,0.9551820728291317,"[135, 6, 16, 341]",0.8747455113084995,0.8840469445834974,0.8812751813285145,0.9931660869334235,0.8747455108085116,0.8842143026092252,0.8654773683343859,0.0005210428342433,4.270619197053439e-05,0.1026597729192287,192,2.4587533769729157
0.3971915747241725,49,441.9226256000111,0.8301700000000001,0.9663865546218487,0.9787234042553191,0.998727326238059,0.9965631642728013,0.9725549794385839,0.9787234042553191,0.9635885062513709,0.9913793103448276,0.9663865546218487,"[138, 3, 12, 345]",0.8876924609160585,0.8888252656332919,0.8924818787808042,0.9949013403977988,0.8876924604163448,0.911003962522682,0.8655442197455137,0.0005210428342433,4.270619197053439e-05,0.1026597729192287,192,2.4587533769729157
0.3971915747241725,50,452.7977610999951,0.9960040000000001,0.9047619047619048,0.9858156028368794,0.997412796627741,0.9933249895702962,0.9452887537993921,0.9472140762463344,0.916282197358836,0.9938461538461538,0.9047619047619048,"[139, 2, 34, 323]",0.8828313540146222,0.8920669876226858,0.8882387335843087,0.9941618187717135,0.8828313535147517,0.8995203360568813,0.866750359942071,0.0005210428342433,4.270619197053439e-05,0.1026597729192287,192,2.4587533769729157
0.3971915747241725,51,445.5591563000344,0.9300700000000001,0.9159663865546218,1.0,0.9977890776470162,0.9939607048493155,0.9579831932773109,0.956140350877193,0.9299932523616734,1.0,0.9159663865546218,"[141, 0, 30, 327]",0.874120837450417,0.871050440630659,0.8809861689292976,0.995196207036522,0.8741208369512863,0.9132099714734956,0.8382406960428181,0.0005210428342433,4.270619197053439e-05,0.1026597729192287,192,2.4587533769729157
0.3971915747241725,52,346.8153540000203,0.9780220000000001,0.9355742296918768,0.9929078014184397,0.9971243762844056,0.9919939607048492,0.9642410155551582,0.9653179190751445,0.943185275327046,0.9970149253731343,0.9355742296918768,"[140, 1, 23, 334]",0.8705180873367615,0.8810199769605108,0.8778269083111827,0.9939701915245593,0.8705180868370733,0.894494564801773,0.8477934108434391,0.0005210428342433,4.270619197053439e-05,0.1026597729192287,192,2.4587533769729157
0.3971915747241725,53,439.06660479999846,0.8801200000000001,0.9663865546218487,0.9929078014184397,0.9987393690733095,0.9965432981703319,0.9796471780201442,0.9815078236130867,0.9685696114652464,0.9971098265895953,0.9663865546218487,"[140, 1, 12, 345]",0.8876063566643052,0.8964735773765072,0.8924774239266279,0.995561851852449,0.8876063561649163,0.9208804575668192,0.8566529820655251,0.0005210428342433,4.270619197053439e-05,0.1026597729192287,192,2.4587533769729157
0.3971915747241725,54,399.20014410000294,0.8721280000000001,0.9635854341736695,0.9716312056737588,0.9985890284536814,0.9963247710431691,0.9676083199237142,0.975886524822695,0.9587336404182203,0.9885057471264368,0.9635854341736695,"[137, 4, 13, 344]",0.8986737712646209,0.9116853131633513,0.9021224999515973,0.9959603397793808,0.8986737707651011,0.928552451855965,0.8706580008472531,0.0005210428342433,4.270619197053439e-05,0.1026597729192287,192,2.4587533769729157
0.3971915747241725,55,582.5268251000089,0.9940060000000001,0.9607843137254902,0.9858156028368794,0.9988805253996595,0.9970796829370046,0.9732999582811848,0.9772079772079773,0.9613931042502472,0.9942028985507246,0.9607843137254902,"[139, 2, 14, 343]",0.8962787009323041,0.9016204588219565,0.8999809236315065,0.9954817384240552,0.8962787004326247,0.9209457407735996,0.872898578668629,0.0005210428342433,4.270619197053439e-05,0.1026597729192287,192,2.4587533769729157
0.3971915747241725,56,465.30854910000926,0.7922080000000001,0.9607843137254902,0.9645390070921985,0.9970163298915558,0.9916165047579316,0.9626616604088444,0.9730496453900709,0.9538787745850699,0.985632183908046,0.9607843137254902,"[136, 5, 14, 343]",0.8865806683570994,0.88009865811559,0.8915500839564499,0.9951215250270022,0.8865806678575102,0.9140779724706323,0.8606893998995112,0.0005210428342433,4.270619197053439e-05,0.1026597729192287,192,2.4587533769729157
0.3971915747241725,57,490.3511517000152,0.9880120000000001,0.9243697478991597,0.9787234042553191,0.9963844978634588,0.9905636013270557,0.9515465760772395,0.9565217391304348,0.9292412617220802,0.990990990990991,0.9243697478991597,"[138, 3, 27, 330]",0.8746084056374193,0.8714012779107615,0.8812574399434947,0.9940065141382803,0.8746084051376529,0.8957907877185314,0.8544046635544397,0.0005210428342433,4.270619197053439e-05,0.1026597729192287,192,2.4587533769729157
0.3971915747241725,58,382.80604649998713,0.9500500000000001,0.9131652661064426,0.9929078014184397,0.9965138813409113,0.9903450741998927,0.9530365337624411,0.9532163742690059,0.9253261358524516,0.9969418960244648,0.9131652661064426,"[140, 1, 31, 326]",0.8766614914646077,0.8812702149570155,0.8830928943492051,0.9949354989305621,0.876661490965221,0.9096839661476614,0.8459525340907006,0.0005210428342433,4.270619197053439e-05,0.1026597729192287,192,2.4587533769729157
0.3971915747241725,59,569.2426958999713,0.9240760000000001,0.9551820728291317,1.0,0.9994018038809316,0.9984305779049207,0.9775910364145659,0.9770773638968482,0.9616930443645315,1.0,0.9551820728291317,"[141, 0, 16, 341]",0.9142722684447253,0.9130234624825272,0.9159451257896338,0.995394326526549,0.9142722679447319,0.9222821856935919,0.9064002837314622,0.0005210428342433,4.270619197053439e-05,0.1026597729192287,192,2.4587533769729157
0.3971915747241725,60,407.5662124999799,0.8461540000000001,0.9495798319327731,0.9290780141843972,0.9948893728497852,0.9861731926813279,0.9393289230585851,0.9603399433427762,0.9318941096024226,0.9713467048710601,0.9495798319327731,"[131, 10, 18, 339]",0.8688343525791928,0.8886267811644311,0.8761153268555064,0.9914194190028204,0.8688343520791941,0.8604484090780473,0.8773853639038967,0.0005210428342433,4.270619197053439e-05,0.1026597729192287,192,2.4587533769729157
0.3971915747241725,61,471.4934217000264,0.38661400000000007,0.9495798319327731,0.9716312056737588,0.9979763095542664,0.994874545562906,0.960605518803266,0.9685714285714285,0.9471235521235521,0.9883381924198251,0.9495798319327731,"[137, 4, 18, 339]",0.872037231664255,0.8884725049764168,0.8790856960016502,0.9938785787640179,0.8720372311644964,0.8934891189988365,0.8515912746945589,0.0005210428342433,4.270619197053439e-05,0.1026597729192287,192,2.4587533769729157
0.3971915747241725,62,550.2540626000264,0.9660340000000001,0.9467787114845938,0.9929078014184397,0.9965071938871779,0.9904046725073008,0.9698432564515167,0.9712643678160919,0.9522988505747126,0.9970501474926253,0.9467787114845938,"[140, 1, 19, 338]",0.8685863186226519,0.8669229288395045,0.876110712096839,0.9930880951530272,0.8685863181227178,0.8818687495014099,0.8556980624349952,0.0005210428342433,4.270619197053439e-05,0.1026597729192287,192,2.4587533769729157
0.3971915747241725,63,445.768094799947,0.7003,0.9635854341736695,0.9574468085106383,0.9979329737395636,0.9945765540258658,0.9605161213421539,0.9731258840169731,0.9536909696901474,0.9828571428571429,0.9635854341736695,"[135, 6, 13, 344]",0.868190713670784,0.8847894548368054,0.8758181504447702,0.9933900905290227,0.8681907131709362,0.8859085865373694,0.8511676478577284,0.0005210428342433,4.270619197053439e-05,0.1026597729192287,192,2.4587533769729157
0.3971915747241725,64,481.45286489999853,0.9640360000000001,0.8851540616246498,0.9716312056737588,0.9945958092378548,0.9862526570912052,0.9283926336492043,0.9335302806499262,0.8962322249644615,0.9875,0.8851540616246498,"[137, 4, 41, 316]",0.867846531921832,0.8771391008414474,0.8755693911801649,0.9936976446227722,0.8678465314220967,0.8901185484181208,0.8466618627477192,0.0005210428342433,4.270619197053439e-05,0.1026597729192287,192,2.4587533769729157
0.3971915747241725,65,473.40330480004195,0.7462540000000001,0.9355742296918768,0.950354609929078,0.9940939449434596,0.9845640383813099,0.9429644198104774,0.9570200573065902,0.9281744581834965,0.9794721407624634,0.9355742296918768,"[134, 7, 23, 334]",0.8645819865630522,0.8806435614406896,0.8726439688517214,0.9919196611677228,0.8645819860630046,0.8656624708381329,0.863504196157521,0.0005210428342433,4.270619197053439e-05,0.1026597729192287,192,2.4587533769729157
0.3971915747241725,66,590.0672166000004,0.9980020000000001,0.9551820728291317,0.9929078014184397,0.9992253874348425,0.9980332558555337,0.9740449371237857,0.9756795422031473,0.9592202424820451,0.9970760233918129,0.9551820728291317,"[140, 1, 16, 341]",0.9035458119363928,0.9123099805260239,0.9063938766725612,0.9957651905965506,0.9035458114366576,0.9262425688279509,0.8819347783559051,0.0005210428342433,4.270619197053439e-05,0.1026597729192287,192,2.4587533769729157
0.3971915747241725,67,481.0252892000135,0.7422580000000001,0.9635854341736695,0.9929078014184397,0.9988500176366125,0.9969008880147804,0.9782466177960546,0.98005698005698,0.9662189662189662,0.9971014492753624,0.9635854341736695,"[140, 1, 13, 344]",0.8879364990081078,0.8838532538641066,0.8926879444234487,0.9948646783203983,0.8879364985083741,0.9105073385431758,0.8664576211312379,0.0005210428342433,4.270619197053439e-05,0.1026597729192287,192,2.4587533769729157
0.3971915747241725,68,549.4485317000072,0.9320680000000001,0.8991596638655462,0.9574468085106383,0.9915510897556311,0.9775513042096271,0.9283032361880923,0.9385964912280702,0.9019905533063428,0.981651376146789,0.8991596638655462,"[135, 6, 36, 321]",0.8231544046519456,0.8552751888414057,0.8394164456589353,0.9908671540290138,0.8231544041521245,0.8417133174676479,0.8053962459062302,0.0005210428342433,4.270619197053439e-05,0.1026597729192287,192,2.4587533769729157
0.3971915747241725,69,403.6753277000389,0.9740260000000001,0.9243697478991597,1.0,0.9988174491078573,0.9968015575024336,0.9621848739495799,0.9606986899563319,0.9366600245898165,1.0,0.9243697478991597,"[141, 0, 27, 330]",0.8988088932271012,0.8942187132955599,0.9022777051889945,0.9963436367066489,0.8988088927277946,0.9345422943925511,0.8657074779284782,0.0005210428342433,4.270619197053439e-05,0.1026597729192287,192,2.4587533769729157
0.3971915747241725,70,609.0615443999995,0.9920080000000001,0.9411764705882353,1.0,0.9981952289653714,0.9951526709974771,0.9705882352941176,0.9696969696969697,0.9501950195019502,1.0,0.9411764705882353,"[141, 0, 21, 336]",0.8905392401101934,0.889134644794197,0.8949330018868759,0.9948678607923948,0.8905392396104052,0.9109821790660508,0.8709936653010207,0.0005210428342433,4.270619197053439e-05,0.1026597729192287,192,2.4587533769729157
0.3971915747241725,71,507.33497470000293,0.9860140000000001,0.9523809523809523,1.0,0.9982167449548269,0.9949738760752529,0.9761904761904762,0.975609756097561,0.9593767844032955,1.0,0.9523809523809523,"[141, 0, 17, 340]",0.8892351832129691,0.888168906631256,0.8938599563449583,0.9953768865800078,0.8892351827134297,0.9183165644539737,0.8619391694380676,0.0005210428342433,4.270619197053439e-05,0.1026597729192287,192,2.4587533769729157
2.5176767676767677,42,516.9768903999939,0.9780220000000001,0.9551820728291317,0.9716312056737588,0.9982263817462366,0.9951725370999465,0.9634066392514453,0.9715099715099715,0.951741380312809,0.9884057971014493,0.9551820728291317,"[137, 4, 16, 341]",0.9009741871608498,0.9041143331874987,0.9040096355724228,0.9945448186682619,0.9009741866608448,0.9081011916250271,0.8939581805719942,0.0005210428342433,4.270619197053439e-05,0.1026597729192287,192,2.4587533769729157
2.5176767676767677,43,416.7245308999554,0.9960040000000001,0.9439775910364145,0.9574468085106383,0.9968949925324919,0.9918548979875638,0.9507121997735264,0.9628571428571429,0.9375096525096525,0.9825072886297376,0.9439775910364145,"[135, 6, 20, 337]",0.8531195525664458,0.8833491889034667,0.8632208432058359,0.9916642147487973,0.853119552066422,0.8596460393227715,0.8466914181084282,0.0005210428342433,4.270619197053439e-05,0.1026597729192287,192,2.4587533769729157
2.5176767676767677,44,561.2727551999851,0.9860140000000001,0.9551820728291317,0.9787234042553191,0.998505699257258,0.9962055744283529,0.9669527385422254,0.9728958630527818,0.9542445416958825,0.9912790697674418,0.9551820728291317,"[138, 3, 16, 341]",0.9018163588261621,0.904430100897781,0.9048516301044824,0.9956049637397627,0.9018163583264039,0.9235935296165801,0.8810424879421159,0.0005210428342433,4.270619197053439e-05,0.1026597729192287,192,2.4587533769729157
2.5176767676767677,45,445.01396459998796,0.9920080000000001,0.9635854341736695,0.9645390070921985,0.9966827917117457,0.9912986471184219,0.964062220632934,0.9745042492917847,0.9562176418872717,0.9856733524355301,0.9635854341736695,"[136, 5, 13, 344]",0.8849647152002825,0.8900048258591767,0.8900307968687863,0.9938704740686666,0.8849647147003148,0.895848865060355,0.8743418654499235,0.0005210428342433,4.270619197053439e-05,0.1026597729192287,192,2.4587533769729157
2.5176767676767677,46,500.2260670000105,0.9920080000000001,0.9355742296918768,1.0,0.9968128122458608,0.9909211911715041,0.9677871148459384,0.9667149059334298,0.945652534933928,1.0,0.9355742296918768,"[141, 0, 23, 334]",0.8519644278344204,0.8684143846442386,0.862570583280951,0.9937963012546662,0.8519644273352038,0.8883351473143527,0.8184547894462024,0.0005210428342433,4.270619197053439e-05,0.1026597729192287,192,2.4587533769729157
2.5176767676767677,47,344.57487449998735,0.8781220000000001,0.9467787114845938,0.9361702127659575,0.9951352723556633,0.9872459622146731,0.9414744621252756,0.9602272727272727,0.9321684308841842,0.9740634005763689,0.9467787114845938,"[132, 9, 19, 338]",0.8654632979104178,0.8872507426585136,0.8733781832414835,0.9919552624211245,0.8654632974103702,0.866322814464355,0.8646054851934675,0.0005210428342433,4.270619197053439e-05,0.1026597729192287,192,2.4587533769729157
2.5176767676767677,48,521.6685540999752,0.9700300000000001,0.9551820728291317,0.9858156028368794,0.9980404716160348,0.9944374913085803,0.9704988378330055,0.9742857142857143,0.9567374517374517,0.9941690962099126,0.9551820728291317,"[139, 2, 16, 341]",0.8757421935311948,0.8833598262455618,0.8823202710455293,0.9949507747961457,0.875742193031848,0.9097595139164317,0.8441771013509609,0.0005210428342433,4.270619197053439e-05,0.1026597729192287,192,2.4587533769729157
2.5176767676767677,49,572.1446750999894,0.9180820000000001,0.938375350140056,0.900709219858156,0.9932369792073631,0.9820609094701711,0.919542284999106,0.9490084985835694,0.9124352837745433,0.9598853868194842,0.938375350140056,"[127, 14, 22, 335]",0.822600160903398,0.8380962019207097,0.8388642627930003,0.9900646618903561,0.8226001604033932,0.8316208387388133,0.8137730795700675,0.0005210428342433,4.270619197053439e-05,0.1026597729192287,192,2.4587533769729157
2.5176767676767677,50,485.35196960001485,0.9920080000000001,0.9467787114845938,0.9716312056737588,0.9954562956002982,0.9869877028825714,0.9592049585791763,0.9670958512160229,0.9448273868874728,0.9883040935672515,0.9467787114845938,"[137, 4, 19, 338]",0.8646573006379134,0.8641506870921586,0.8729887144223742,0.9941948740475179,0.8646573001384986,0.8966131193354553,0.8349009402826895,0.0005210428342433,4.270619197053439e-05,0.1026597729192287,192,2.4587533769729157
2.5176767676767677,51,523.8397836000076,0.9800200000000001,0.9299719887955182,0.9929078014184397,0.997078740591293,0.9914575759381767,0.9614398951069789,0.9623188405797102,0.9386757601591361,0.996996996996997,0.9299719887955182,"[140, 1, 25, 332]",0.8708389325333634,0.8772420722897313,0.8781045839394936,0.9940526387657508,0.8708389320337023,0.8957316320169253,0.8472923771095133,0.0005210428342433,4.270619197053439e-05,0.1026597729192287,192,2.4587533769729157
2.5176767676767677,52,536.4419809000101,0.8021980000000001,0.957983193277311,0.9787234042553191,0.9982223302168033,0.9952321354073543,0.968353298766315,0.9743589743589743,0.956567242281528,0.991304347826087,0.957983193277311,"[138, 3, 15, 342]",0.8821307298062768,0.8801253115763518,0.8876760922401623,0.9944770956641746,0.8821307293065235,0.9038907144175736,0.8613938026630782,0.0005210428342433,4.270619197053439e-05,0.1026597729192287,192,2.4587533769729157
2.5176767676767677,53,524.2358101999853,0.9980020000000001,0.9495798319327731,1.0,0.9987165019079743,0.9964638337604546,0.9747899159663865,0.9741379310344828,0.9570689655172413,1.0,0.9495798319327731,"[141, 0, 18, 339]",0.8882245001265914,0.8851617551317402,0.8930737605727586,0.9961809911711438,0.8882244996275874,0.930620416180372,0.8495231031439862,0.0005210428342433,4.270619197053439e-05,0.1026597729192287,192,2.4587533769729157
2.5176767676767677,54,464.73324790003244,0.9960040000000001,0.8795518207282913,0.9787234042553191,0.9938152070375454,0.9837296620775969,0.9291376124918052,0.9317507418397626,0.8944467994913099,0.9905362776025236,0.8795518207282913,"[138, 3, 43, 314]",0.8678182892496384,0.8862630673149386,0.875408949338446,0.9925715162985423,0.867818288749623,0.8748198064206113,0.8609279538823775,0.0005210428342433,4.270619197053439e-05,0.1026597729192287,192,2.4587533769729157
2.5176767676767677,55,484.7161899000057,0.9980020000000001,0.9327731092436975,0.9787234042553191,0.997139473149379,0.9920734251147268,0.9557482567495084,0.961038961038961,0.935965025073936,0.9910714285714286,0.9327731092436975,"[138, 3, 24, 333]",0.878629198255453,0.8893908666295498,0.8845395968958989,0.99302966496717,0.8786291977554229,0.8832021967801976,0.8741033114670571,0.0005210428342433,4.270619197053439e-05,0.1026597729192287,192,2.4587533769729157
2.5176767676767677,56,419.6514938999899,0.9600400000000001,0.9215686274509803,0.9574468085106383,0.9946803439188228,0.9858950672467568,0.9395077179808093,0.9508670520231214,0.9195124733799818,0.982089552238806,0.9215686274509803,"[135, 6, 28, 329]",0.8347389405379914,0.8586575564216165,0.8485177592871669,0.9914461517675917,0.8347389400381415,0.8522075933998736,0.8179720518879536,0.0005210428342433,4.270619197053439e-05,0.1026597729192287,192,2.4587533769729157
2.5176767676767677,57,307.5926783999894,0.10489600000000002,0.9663865546218487,0.900709219858156,0.9962530664660941,0.989689492818404,0.9335478872400024,0.9636871508379888,0.935415003990423,0.9610027855153204,0.9663865546218487,"[127, 14, 12, 345]",0.845997880533185,0.8508554292994053,0.8576527234206263,0.9929061001877828,0.8459978800336576,0.8744447123093428,0.819343561364669,0.0005210428342433,4.270619197053439e-05,0.1026597729192287,192,2.4587533769729157
2.5176767676767677,58,460.5791404999909,0.9940060000000001,0.9439775910364145,0.9858156028368794,0.9982004297748467,0.9950533404851303,0.964896596936647,0.9683908045977011,0.9475287356321839,0.9941002949852508,0.9439775910364145,"[139, 2, 20, 337]",0.8818751258483283,0.8886519092805579,0.8875064536449997,0.9949131791936261,0.8818751253487697,0.910218665955679,0.8552434728393267,0.0005210428342433,4.270619197053439e-05,0.1026597729192287,192,2.4587533769729157
2.5176767676767677,59,654.5903444000287,0.9920080000000001,0.9411764705882353,1.0,0.9993306159172373,0.9982120507777579,0.9705882352941176,0.9696969696969697,0.9501950195019502,1.0,0.9411764705882353,"[141, 0, 21, 336]",0.8991949596205515,0.8949507224459609,0.9025996203299724,0.9961705526629949,0.8991949591211291,0.9318768715611767,0.8687277543133228,0.0005210428342433,4.270619197053439e-05,0.1026597729192287,192,2.4587533769729157
2.5176767676767677,60,481.0224070000113,0.9700300000000001,0.9719887955182073,1.0,0.9986986931448586,0.9962055744283529,0.9859943977591037,0.9857954545454546,0.9757744396014945,1.0,0.9719887955182073,"[141, 0, 10, 347]",0.9016873734002747,0.8993317406384551,0.9047289865854793,0.9955097017446651,0.9016873729004852,0.9221534640719041,0.8821099994229662,0.0005210428342433,4.270619197053439e-05,0.1026597729192287,192,2.4587533769729157
2.5176767676767677,61,358.1873336000135,0.358642,0.9607843137254902,0.8794326241134752,0.9925454649598802,0.9804517551701531,0.9201084689194827,0.9567642956764296,0.9228265922826593,0.9527777777777777,0.9607843137254902,"[124, 17, 14, 343]",0.8186083859956237,0.8446038991463285,0.835710379836357,0.9895051833133574,0.8186083854955784,0.8237639706851643,0.8135169331105886,0.0005210428342433,4.270619197053439e-05,0.1026597729192287,192,2.4587533769729157
2.5176767676767677,62,654.4044303999981,0.9880120000000001,0.9747899159663865,0.950354609929078,0.9982512036252689,0.9956592566104456,0.9625722629477322,0.9775280898876404,0.9605950308593132,0.9802816901408451,0.9747899159663865,"[134, 7, 9, 348]",0.8975836434554318,0.8972449115678376,0.9010716204186899,0.9949673236505279,0.8975836429555476,0.9135668233258727,0.8821501102696429,0.0005210428342433,4.270619197053439e-05,0.1026597729192287,192,2.4587533769729157
2.5176767676767677,63,461.26218429999426,0.262738,0.9775910364145658,0.9219858156028369,0.9974354323003553,0.992927667520909,0.9497884260087013,0.9735006973500697,0.9527001694635653,0.9694444444444444,0.9775910364145658,"[130, 11, 8, 349]",0.8502293192321393,0.865335680857426,0.8610614362069682,0.992985067926258,0.8502293187325329,0.8764817955633918,0.8255037429753236,0.0005210428342433,4.270619197053439e-05,0.1026597729192287,192,2.4587533769729157
2.5176767676767677,64,565.1094464000198,0.9980020000000001,0.927170868347339,1.0,0.9987384031433948,0.9966227625802093,0.9635854341736695,0.9622093023255814,0.9388968589549985,1.0,0.927170868347339,"[141, 0, 26, 331]",0.9030649727478357,0.9001164716832778,0.9058960213431144,0.9949781864882763,0.9030649722478798,0.9145930818281796,0.8918238613093582,0.0005210428342433,4.270619197053439e-05,0.1026597729192287,192,2.4587533769729157
2.5176767676767677,65,392.61351579998154,0.9660340000000001,0.9327731092436975,0.9716312056737588,0.9956702478718551,0.9879810080060393,0.9522021574587282,0.9596541786743515,0.933469473443136,0.9881305637982196,0.9327731092436975,"[137, 4, 24, 333]",0.8628185663083937,0.8712036456046652,0.8712092454274525,0.9920956730856136,0.8628185658083591,0.8674953159077032,0.858191971919592,0.0005210428342433,4.270619197053439e-05,0.1026597729192287,192,2.4587533769729157
2.5176767676767677,66,464.89934760000324,0.9340660000000001,0.9607843137254902,0.9929078014184397,0.9974689393059754,0.9930071319307865,0.976846057571965,0.978601997146933,0.9638772697599072,0.997093023255814,0.9607843137254902,"[140, 1, 14, 343]",0.888569894907258,0.8842866881554868,0.8931805795467248,0.9943615507142188,0.8885698944073519,0.9033768194242553,0.8742405327846351,0.0005210428342433,4.270619197053439e-05,0.1026597729192287,192,2.4587533769729157
2.5176767676767677,67,399.02800470002694,0.9920080000000001,0.9215686274509803,0.9929078014184397,0.9983477599911915,0.9954903947394561,0.95723821443471,0.9577874818049491,0.9319681745594325,0.996969696969697,0.9215686274509803,"[140, 1, 28, 329]",0.8762891016295957,0.8860793875045135,0.8827473126011425,0.9946585390009397,0.876289101130071,0.9055105343593957,0.8488946998793854,0.0005210428342433,4.270619197053439e-05,0.1026597729192287,192,2.4587533769729157
2.5176767676767677,68,414.23530350002693,0.9880120000000001,0.907563025210084,0.9929078014184397,0.9971178526298781,0.9921926217295428,0.9502354133142619,0.9501466275659824,0.9209331863944562,0.9969230769230769,0.907563025210084,"[140, 1, 33, 324]",0.8439452189999453,0.865395292180593,0.8561522600762796,0.9938988617188761,0.8439452185011288,0.888207010980022,0.8038854040147434,0.0005210428342433,4.270619197053439e-05,0.1026597729192287,192,2.4587533769729157
2.5176767676767677,69,405.8880003999802,0.8881120000000001,0.9467787114845938,0.950354609929078,0.9946171063522804,0.9867393766017045,0.9485666607068359,0.9629629629629629,0.9372637944066515,0.9797101449275363,0.9467787114845938,"[134, 7, 19, 338]",0.8483262922026344,0.863284076295313,0.8593811696120761,0.9918955168135087,0.8483262917026956,0.8614412949121502,0.8356046393471919,0.0005210428342433,4.270619197053439e-05,0.1026597729192287,192,2.4587533769729157
2.5176767676767677,70,472.7081763999886,0.9980020000000001,0.927170868347339,0.9787234042553191,0.9937257690973359,0.9830641476448736,0.9529471363013291,0.9580318379160637,0.9314749353514744,0.9910179640718563,0.927170868347339,"[138, 3, 26, 331]",0.8573793274097429,0.8728724447619013,0.866746852177346,0.9921109489511972,0.8573793269097459,0.866412786917049,0.8485322948611667,0.0005210428342433,4.270619197053439e-05,0.1026597729192287,192,2.4587533769729157
2.5176767676767677,71,412.10548829997424,0.9520480000000001,0.9327731092436975,0.9361702127659575,0.9947998611410275,0.9858950672467569,0.9344716610048275,0.9527896995708155,0.9208392942298522,0.9736842105263158,0.9327731092436975,"[132, 9, 24, 333]",0.8458579344693951,0.853525446242645,0.8576998295461207,0.9940549301455883,0.8458579339706159,0.8909066416874366,0.8051457290392673,0.0005210428342433,4.270619197053439e-05,0.1026597729192287,192,2.4587533769729157
