outer_fold,loss_w_mask,train_time_sec,thr_cls_from_val_sel,val_sel_best_bacc,val_sel_best_f1m,test_pr_auc,test_roc_auc,test_bacc,test_f1_1,test_f1_macro,test_prec1,test_rec1,test_cm_TN_FP_FN_TP,test_dice_global,test_dice_pos_mean,test_miou,test_pix_specificity,test_pix_f1,test_pix_prec,test_pix_rec,hp_lr,hp_weight_decay,hp_dropout_rate,hp_dec_ch
1,0.5,295.89607990009245,0.8581420000000001,0.9352514410653945,0.9117296125843135,0.9906041170418867,0.9748786929549782,0.9353233830845771,0.9308510638297872,0.8962765957446808,1.0,0.8706467661691543,"[81, 0, 26, 175]",0.7974404953167897,0.8348135877011428,0.8184900441274992,0.9887098635922296,0.7974404948171283,0.8222795416975421,0.7740581003038485,0.0005210428342433,4.270619197053439e-05,0.1026597729192287,192
1,1.0,297.7802622000454,0.9940060000000001,0.9449413635460147,0.9274099883855982,0.9937106766976485,0.9838462010932989,0.9169891284319145,0.9414758269720102,0.903486451497701,0.9635416666666666,0.9203980099502488,"[74, 7, 16, 185]",0.825428105938695,0.86225039923369,0.8402295308824256,0.9914480528641405,0.8254281054394939,0.8620360205539628,0.7918027728775806,0.0005210428342433,4.270619197053439e-05,0.1026597729192287,192
1,1.5,290.78053939994425,0.9820180000000001,0.937934804213874,0.9245418179184006,0.9883426997624032,0.9698421472882501,0.9009581721024507,0.9370277078085643,0.8936635545030845,0.9489795918367347,0.9253731343283582,"[71, 10, 15, 186]",0.8352305816783744,0.8906810627647893,0.8473287217102858,0.9874391838317448,0.8352305811784452,0.8204570771691099,0.8505458781337956,0.0005210428342433,4.270619197053439e-05,0.1026597729192287,192
1,2.0,288.8417006999953,0.9980020000000001,0.9390777181474856,0.9375915324191186,0.9930939274939727,0.9826177753209262,0.9281370923161968,0.949238578680203,0.9157957599283368,0.9689119170984456,0.9303482587064676,"[75, 6, 14, 187]",0.8352237900167895,0.8750853562236425,0.8484493413532581,0.9950880830110047,0.8352237895203648,0.9135613652174362,0.7692600070205083,0.0005210428342433,4.270619197053439e-05,0.1026597729192287,192
1,2.5,287.65135940001346,0.9760240000000001,0.9289902603856093,0.9254621347644604,0.993322061947735,0.9831091456298753,0.9170812603648424,0.95,0.9140243902439025,0.9547738693467337,0.945273631840796,"[72, 9, 11, 190]",0.8367853927010382,0.8840337250363174,0.8490980772641413,0.9910770261431251,0.8367853922013182,0.8603360201404245,0.8144897498328707,0.0005210428342433,4.270619197053439e-05,0.1026597729192287,192
1,3.0,287.83137419994455,0.502498,0.9352017491552376,0.9251098389029424,0.9882752970365128,0.9702720963085805,0.9071310116086235,0.9393939393939394,0.8982683982683983,0.9538461538461539,0.9253731343283582,"[72, 9, 15, 186]",0.8528956913870569,0.8747342047999748,0.8622220274412876,0.9922478953399857,0.8528956908873891,0.8782885658412002,0.8289298642179836,0.0005210428342433,4.270619197053439e-05,0.1026597729192287,192
2,0.5,309.0950026999926,0.9180820000000001,0.9460966542750929,0.9137438458347358,0.9933088845681997,0.9823720901664517,0.9157914133038512,0.9444444444444444,0.9067460317460317,0.958974358974359,0.9303482587064676,"[73, 8, 14, 187]",0.821866959126114,0.839056650797526,0.8388098467529943,0.9908616498304769,0.8218669586261396,0.83606394704871,0.8081440714654184,0.0003527134719514,1.1666020282617676e-07,0.2079286501910894,256
2,1.0,308.9841709000757,0.9920080000000001,0.9110653404333702,0.88988698927847,0.9923058478126082,0.9802837663534181,0.9241754192002948,0.9226666666666666,0.8846137566137566,0.9942528735632183,0.8606965174129353,"[80, 1, 28, 173]",0.8260210778834302,0.860546909161468,0.8420882152120657,0.9913852657689125,0.8260210773835427,0.8440847050165239,0.808714384593249,0.0003527134719514,1.1666020282617676e-07,0.2079286501910894,256
2,1.5,308.3905313999858,0.592408,0.9469506681402593,0.9376538146021329,0.9693042896901234,0.9508629691050918,0.9035378662244333,0.9481481481481482,0.9080363382250175,0.9411764705882353,0.9552238805970149,"[69, 12, 9, 192]",0.8092083401464423,0.8451026802632347,0.8290883100541357,0.9901676811834481,0.8092083396464658,0.8234877335931261,0.7954157193852014,0.0003527134719514,1.1666020282617676e-07,0.2079286501910894,256
2,2.0,308.425926099997,0.8181820000000001,0.9278609464483071,0.921079958463136,0.9876503807480113,0.9702720963085805,0.9085129906025429,0.9533169533169533,0.9161489225183492,0.941747572815534,0.9651741293532339,"[69, 12, 7, 194]",0.8582404285266751,0.8927854851110658,0.8675274822731105,0.9902416825794583,0.85824042802686,0.8385517792348797,0.8788758609783969,0.0003527134719514,1.1666020282617676e-07,0.2079286501910894,256
2,2.5,309.0188374998979,0.9360640000000001,0.9349442379182156,0.8994740281970683,0.9936996602403576,0.984337571402248,0.9206744057490326,0.9411764705882353,0.9041142468548113,0.968421052631579,0.9154228855721394,"[75, 6, 17, 184]",0.8574184559323533,0.8870708693319292,0.8667641077210395,0.9895365763485856,0.8574184554328036,0.8301162284081782,0.8865776805365079,0.0003527134719514,1.1666020282617676e-07,0.2079286501910894,256
2,3.0,320.2626552999718,0.9600400000000001,0.9127063866840819,0.8940114848236259,0.9854593522854744,0.9648056016215221,0.9108162889257416,0.9390862944162437,0.8989549119140041,0.9585492227979274,0.9203980099502488,"[73, 8, 16, 185]",0.8049673903333694,0.8439410195421817,0.8255783182909993,0.9881802578328234,0.8049673898332768,0.7983912199214341,0.8116527933677757,0.0003527134719514,1.1666020282617676e-07,0.2079286501910894,256
3,0.5,322.0151564000407,0.9800200000000001,0.933201494177104,0.9176646362487071,0.9876912330325744,0.966006216006216,0.9112276612276612,0.9226666666666666,0.879412429378531,0.9774011299435028,0.8737373737373737,"[74, 4, 25, 173]",0.776856917209365,0.8111607281848637,0.8035278327786961,0.9838525290421021,0.7768569167096923,0.7539231046944053,0.8012297651848796,0.000384523273245,1.1901176389191731e-06,0.1385861494625845,256
3,1.0,325.1446621000068,0.364636,0.9503248893492796,0.9417604337546113,0.9943199789495156,0.983941983941984,0.9621212121212122,0.9606299212598425,0.9364553115071141,1.0,0.9242424242424242,"[78, 0, 15, 183]",0.837104157129135,0.8425978650950422,0.8503666375545236,0.9927069383715782,0.8371041566298305,0.8720289184375206,0.8048691449878739,0.000384523273245,1.1901176389191731e-06,0.1385861494625845,256
3,1.5,327.0818476000568,0.9680320000000001,0.9494773519163764,0.9312866873842484,0.9946021357536898,0.9845894845894846,0.9545454545454546,0.9523809523809523,0.9244663382594417,1.0,0.9090909090909091,"[78, 0, 18, 180]",0.8707353334552529,0.8721311742609198,0.877765692462397,0.9932902299654708,0.8707353329553424,0.887217454058093,0.854854431016306,0.000384523273245,1.1901176389191731e-06,0.1385861494625845,256
3,2.0,323.8575275000185,0.9480520000000001,0.9603540823053018,0.9500266817339988,0.9969393629862207,0.9919062419062419,0.9557109557109558,0.9581151832460733,0.9319987680936248,0.9945652173913043,0.9242424242424242,"[77, 1, 15, 183]",0.8723801887059123,0.8836221887607767,0.8792573032898491,0.9942529524345177,0.8723801882063286,0.900848528137668,0.845656025836988,0.000384523273245,1.1901176389191731e-06,0.1385861494625845,256
3,2.5,321.14378939999733,0.9960040000000001,0.9523652572433061,0.9366025713960633,0.9939354155925684,0.9832944832944833,0.9481351981351982,0.9498680738786279,0.9200207421416261,0.994475138121547,0.9090909090909091,"[77, 1, 18, 180]",0.8767414402318374,0.8884114833793255,0.8826835653164673,0.9921257168188312,0.8767414397317671,0.8734337260314475,0.8800743024522033,0.000384523273245,1.1901176389191731e-06,0.1385861494625845,256
3,3.0,322.22741559997667,0.9980020000000001,0.9575917380795429,0.9500266817339988,0.9959424585148131,0.9891867391867392,0.952020202020202,0.9496021220159151,0.9205153467222433,1.0,0.9040404040404041,"[78, 0, 19, 179]",0.8843093680167126,0.9045166824803208,0.8891807626632613,0.9925585087546256,0.8843093675166491,0.8805150136398093,0.8881365655231147,0.000384523273245,1.1901176389191731e-06,0.1385861494625845,256
4,0.5,328.79684800002724,0.296704,0.9471122994652406,0.9233895549685023,0.9871133168148208,0.9642579642579643,0.8918026418026418,0.9246753246753247,0.8755113150322731,0.9518716577540107,0.898989898989899,"[69, 9, 20, 178]",0.7856623662061993,0.8087267249521582,0.8103249573696378,0.9905037060811517,0.7856623657080136,0.8379572690003142,0.7395112436684779,0.0004896851255704,1.8871612203906618e-05,0.2337853276934768,256
4,1.0,327.02011789998505,0.9540460000000001,0.9709090909090909,0.9540660029241802,0.9909978262922541,0.9761072261072261,0.9188034188034188,0.9312169312169312,0.8908958219303047,0.9777777777777777,0.8888888888888888,"[74, 4, 22, 176]",0.8367126235777466,0.8638288469025583,0.8492583430776605,0.9915661396261144,0.8367126230781659,0.8645445427122989,0.8106167782993478,0.0004896851255704,1.8871612203906618e-05,0.2337853276934768,256
4,1.5,330.8159658999648,0.40659400000000007,0.9763636363636363,0.957941799895305,0.9886786599585179,0.9689847189847189,0.9123931623931624,0.9287598944591029,0.8863452651486265,0.9723756906077348,0.8888888888888888,"[73, 5, 22, 176]",0.8387348523917737,0.8398259336298163,0.8508660918070641,0.9915828496412813,0.8387348518921453,0.8652356006741476,0.8138092101601192,0.0004896851255704,1.8871612203906618e-05,0.2337853276934768,256
4,2.0,330.14193709997926,0.42857200000000006,0.9647415329768271,0.9569729160265134,0.9939427607841042,0.9828412328412329,0.9467754467754468,0.9528795811518325,0.9234986141053281,0.9891304347826086,0.9191919191919192,"[76, 2, 16, 182]",0.8249664665656236,0.8517768455274177,0.8401629713807783,0.9923369564547784,0.8249664660669448,0.8715650086471685,0.7830978533127994,0.0004896851255704,1.8871612203906618e-05,0.2337853276934768,256
4,2.5,321.61155069991946,0.8041960000000001,0.963475935828877,0.9537990196078432,0.9895593270130767,0.9718984718984719,0.9094794094794094,0.9438775510204082,0.9031887755102042,0.9536082474226805,0.9343434343434344,"[69, 9, 13, 185]",0.8224233920041696,0.8645622513510964,0.8372833138728941,0.9865308037193874,0.8224233915042882,0.8055093490366302,0.8400629905189518,0.0004896851255704,1.8871612203906618e-05,0.2337853276934768,256
4,3.0,319.35204540006816,0.8781220000000001,0.9598395721925134,0.9526653752331755,0.9941859072464405,0.9838124838124839,0.9415306915306916,0.9560723514211886,0.9265210241954428,0.9788359788359788,0.9343434343434344,"[74, 4, 13, 185]",0.8601587738850349,0.8795974953006013,0.8683823287105992,0.9928029117624952,0.8601587733853533,0.885286284136237,0.8364183071413983,0.0004896851255704,1.8871612203906618e-05,0.2337853276934768,256
5,0.5,315.8930941999424,0.9160840000000001,0.9405034324942791,0.9217592592592593,0.9895795347125326,0.9715005220809533,0.9108162889257416,0.9390862944162437,0.8989549119140041,0.9585492227979274,0.9203980099502488,"[73, 8, 16, 185]",0.8137192826293069,0.8586454723604876,0.8305761761859551,0.9852058859146621,0.8137192821297731,0.7871097219153563,0.8421909566140425,0.0003450802665513,1.60400189822426e-06,0.2645550802120299,256
5,1.0,318.56348110002,0.9060940000000001,0.914187643020595,0.8935847683725442,0.9903917718451194,0.9755543271297831,0.908328726736687,0.9363867684478372,0.8950939690192402,0.9583333333333334,0.9154228855721394,"[73, 8, 17, 184]",0.7534870073271291,0.8063523781240283,0.7863628315885988,0.983415750318194,0.7534870068270112,0.7482191949870073,0.7588295213163531,0.0003450802665513,1.60400189822426e-06,0.2645550802120299,256
5,1.5,276.47354999999516,0.7422580000000001,0.8809115179252479,0.8703006210411527,0.9803480941708311,0.9508629691050918,0.8010871568085498,0.9125295508274232,0.8250591016548463,0.8693693693693694,0.9601990049751243,"[52, 29, 8, 193]",0.7251635204947373,0.805446605777266,0.7657978956382194,0.9772912813660393,0.7251635199961224,0.6870771158210013,0.7677201716479563,0.0003450802665513,1.60400189822426e-06,0.2645550802120299,256
5,2.0,316.1928294999525,0.9480520000000001,0.9042715484363082,0.884004884004884,0.9944957687027078,0.9854431545973834,0.9281370923161968,0.949238578680203,0.9157957599283368,0.9689119170984456,0.9303482587064676,"[75, 6, 14, 187]",0.8040080381854389,0.8688192984357995,0.8231951390604973,0.9851475569221347,0.8040080376856813,0.7831685909804103,0.8259868424864608,0.0003450802665513,1.60400189822426e-06,0.2645550802120299,256
5,2.5,316.5823081000708,0.9640360000000001,0.9092295957284515,0.8873316416162405,0.9967092274969567,0.9909710705730607,0.962778699097107,0.9695431472081218,0.9494774559570021,0.9896373056994818,0.9502487562189055,"[79, 2, 10, 191]",0.8472505068472896,0.8915974583791856,0.857478325227698,0.9887096896799754,0.8472505063473631,0.8322970048205476,0.8627511649278203,0.0003450802665513,1.60400189822426e-06,0.2645550802120299,256
5,3.0,316.05714400007855,0.9840160000000001,0.922482837528604,0.9132341723874904,0.9931306462131385,0.9821878263005959,0.8973650267182605,0.9458128078817734,0.9032861507763297,0.9365853658536586,0.9552238805970149,"[68, 13, 9, 192]",0.8496704440499211,0.8964621083653388,0.8595128110386604,0.9892536169431949,0.8496704435499184,0.8387780081207168,0.8608495021027212,0.0003450802665513,1.60400189822426e-06,0.2645550802120299,256
6,0.5,323.0669664000161,0.372628,0.9259756534192625,0.9294303440496334,0.9887860905435719,0.9707634666175295,0.8688962594435231,0.928395061728395,0.8730025623107385,0.9215686274509803,0.9353233830845771,"[65, 16, 13, 188]",0.7924277388822881,0.8262682388077921,0.8163508903540317,0.9874278064388172,0.7924277383822229,0.7830819259847135,0.8019993244099132,0.0008011070649188,1.1843349498732724e-06,0.2498862889398814,256
6,1.0,313.370247200015,0.9840160000000001,0.9470103831006087,0.9433333333333334,0.9965243653042558,0.9910939131502979,0.9428782015846693,0.9481865284974094,0.9179134889678058,0.9891891891891892,0.9104477611940298,"[79, 2, 18, 183]",0.8724053425312401,0.8925364147964402,0.8796917581600894,0.9929253595639591,0.872405342031157,0.8744117732831721,0.8704080986361513,0.0008011070649188,1.1843349498732724e-06,0.2498862889398814,256
6,1.5,320.4548651999794,0.8141860000000001,0.9355531686358753,0.9131076783280327,0.9921115203804866,0.9786868128493336,0.888704625023033,0.9408866995073891,0.894493982665087,0.9317073170731708,0.9502487562189055,"[67, 14, 10, 191]",0.8369359352224359,0.8488756957931898,0.8507299181066179,0.991292417077466,0.8369359347223579,0.8436595018984479,0.830318688510745,0.0008011070649188,1.1843349498732724e-06,0.2498862889398814,256
6,2.0,310.6031362999929,0.9840160000000001,0.9385069817400644,0.9417033276931754,0.9965724498674278,0.9906639641299675,0.9341256679565137,0.9340369393139841,0.8994509020894246,0.9943820224719101,0.8805970149253731,"[80, 1, 24, 177]",0.8659581584952546,0.8633065484649506,0.8745063577039576,0.9943124795396815,0.8659581579956266,0.8931795104820555,0.8403469788455843,0.0008011070649188,1.1843349498732724e-06,0.2498862889398814,256
6,2.5,308.48931780003477,0.6004,0.9735051915503043,0.9613475875035526,0.9957021874668267,0.9883299551624593,0.952920582273816,0.9672544080604534,0.944705048341604,0.9795918367346939,0.9552238805970149,"[77, 4, 9, 192]",0.866765457461253,0.8923047858091137,0.8749711091852701,0.9926621383153361,0.8667654569611686,0.8695133723995149,0.8640348562259836,0.0008011070649188,1.1843349498732724e-06,0.2498862889398814,256
6,3.0,306.3260908999946,0.9980020000000001,0.9085213032581454,0.9009204496494458,0.9916813168271599,0.9782568638290031,0.9133959830477243,0.9502487562189055,0.9133959830477243,0.9502487562189055,0.9502487562189055,"[71, 10, 10, 191]",0.8552064975622402,0.8990195070333149,0.8650289347700106,0.9890459637317708,0.8552064970629822,0.8216332352093605,0.8916403643964013,0.0008011070649188,1.1843349498732724e-06,0.2498862889398814,256
7,0.5,312.48839780001435,0.9980020000000001,0.930584918957012,0.9107843137254902,0.9963589555978274,0.9904169904169904,0.9504662004662006,0.9612403100775194,0.9351656095842142,0.9841269841269841,0.9393939393939394,"[75, 3, 12, 186]",0.8313531190922755,0.8641835222340594,0.8449965090740463,0.9893553284223665,0.8313531185921766,0.8335204326923067,0.8291970471268783,0.0008642032042503,7.818893705164563e-07,0.1268857234988663,256
7,1.0,312.3556950999191,0.9980020000000001,0.9651162790697674,0.9547153241937845,0.997808781745899,0.9939134939134939,0.9570707070707071,0.9551451187335093,0.9284396113898761,1.0,0.9141414141414141,"[78, 0, 17, 181]",0.8802081004129957,0.8872150507840243,0.8856842639790051,0.9949977859304447,0.880208099913678,0.9158667828253961,0.8472220561543289,0.0008642032042503,7.818893705164563e-07,0.1268857234988663,256
7,1.5,311.63864850008395,0.7302700000000001,0.9666431759455015,0.9525121617512922,0.9972036715144035,0.9922947422947423,0.9644522144522145,0.9717223650385605,0.9521188512309366,0.9895287958115183,0.9545454545454546,"[76, 2, 9, 189]",0.8810126109062649,0.8788793448245886,0.8863992520347967,0.9952639200113,0.8810126104070797,0.9198214466929115,0.8453460203888847,0.0008642032042503,7.818893705164563e-07,0.1268857234988663,256
7,2.0,311.6221087999875,0.37063,0.9596546863988724,0.9480666841232435,0.9940095753847775,0.9832297332297333,0.9621212121212122,0.9606299212598425,0.9364553115071141,1.0,0.9242424242424242,"[78, 0, 15, 183]",0.879206946294246,0.8822175758053558,0.8847499749157877,0.994263016093004,0.8792069457945897,0.9054185032631118,0.8544703218076891,0.0008642032042503,7.818893705164563e-07,0.1268857234988663,256
7,2.5,312.12362349999603,0.9480520000000001,0.9541930937279774,0.9513813229571985,0.9958689181226905,0.9889277389277389,0.9337606837606838,0.9565217391304348,0.9254658385093169,0.9689119170984456,0.9444444444444444,"[72, 6, 11, 187]",0.8703097837498796,0.8809421038386798,0.8770360239438697,0.9925328755898869,0.8703097832498732,0.8809747516632335,0.8598999447591752,0.0008642032042503,7.818893705164563e-07,0.1268857234988663,256
7,3.0,312.18682039994746,0.9740260000000001,0.9449142588677473,0.9388359788359788,0.994419785800622,0.9842657342657344,0.9467754467754468,0.9528795811518325,0.9234986141053281,0.9891304347826086,0.9191919191919192,"[76, 2, 16, 182]",0.8854827600130133,0.8888347895458492,0.890003975822738,0.9932070102007048,0.8854827595129751,0.8926094261981379,0.8784689922017164,0.0008642032042503,7.818893705164563e-07,0.1268857234988663,256
8,0.5,307.8242642999394,0.9440560000000001,0.9462585034013605,0.9153482451354792,0.9931278238901862,0.9802512302512303,0.9366744366744366,0.9417989417989417,0.9076810800948731,0.9888888888888889,0.898989898989899,"[76, 2, 20, 178]",0.8141226285316415,0.82891259530578,0.8313438148841844,0.9847557309240459,0.8141226280327748,0.775435708446804,0.8568724742953593,0.0003450768131156,1.4347494710900565e-07,0.1981171912189044,256
8,1.0,308.14047660003416,0.12487600000000001,0.9482993197278912,0.9259236338882356,0.9952364669373326,0.9871147371147371,0.9518259518259518,0.9583333333333334,0.9315476190476191,0.989247311827957,0.9292929292929293,"[76, 2, 14, 184]",0.8383489762677685,0.827237302606756,0.8516227068702915,0.9943076095186756,0.8383489757696534,0.8948488405183569,0.7885600785518305,0.0003450768131156,1.4347494710900565e-07,0.1981171912189044,256
8,1.5,308.3012997000478,0.9960040000000001,0.9251700680272108,0.9047823596792669,0.993965208048099,0.9836829836829837,0.9545454545454546,0.9523809523809523,0.9244663382594417,1.0,0.9090909090909091,"[78, 0, 18, 180]",0.832793081947161,0.822038881706469,0.8466058096435594,0.9899102227343508,0.8327930814470585,0.8349188275452124,0.830678133370928,0.0003450768131156,1.4347494710900565e-07,0.1981171912189044,256
8,2.0,308.4902359000407,0.9900100000000001,0.9333333333333333,0.9164949449417219,0.9949617466852352,0.9862729862729863,0.9292929292929293,0.9239130434782609,0.8858695652173914,1.0,0.8585858585858586,"[78, 0, 28, 170]",0.8359099362530995,0.8511553773976336,0.8490856677943476,0.990092869148292,0.8359099357529988,0.8379451496630611,0.8338845852011633,0.0003450768131156,1.4347494710900565e-07,0.1981171912189044,256
8,2.5,307.9293883999344,0.9960040000000001,0.9343537414965986,0.9053305915849414,0.9951464570762079,0.9865967365967365,0.9506604506604507,0.9526315789473684,0.9239902080783353,0.9945054945054945,0.9141414141414141,"[77, 1, 17, 181]",0.838979234582616,0.8434616531988587,0.8515570006959002,0.9903917102594781,0.8389792340825221,0.8423414359304561,0.8356437669445996,0.0003450768131156,1.4347494710900565e-07,0.1981171912189044,256
8,3.0,307.99584290001076,0.7022980000000001,0.9153061224489796,0.9174152419588526,0.9925814840626428,0.9798627298627299,0.9302641802641802,0.9393139841688655,0.9031830036451264,0.9834254143646409,0.898989898989899,"[75, 3, 20, 178]",0.840526626626294,0.8414548864268293,0.85260489769253,0.9891292809334081,0.8405266261263051,0.8282248043426119,0.8531994026267941,0.0003450768131156,1.4347494710900565e-07,0.1981171912189044,256
9,0.5,311.02354660001583,0.9960040000000001,0.9341269841269841,0.906387298628678,0.9904408878336937,0.9737762237762237,0.9292929292929293,0.9239130434782609,0.8858695652173914,1.0,0.8585858585858586,"[78, 0, 28, 170]",0.7909679886637654,0.8204844600022442,0.8148415364122483,0.989378318892152,0.7909679881640972,0.8159129307505115,0.7675030829915066,0.0005243813239319,9.8664621153493e-07,0.32224818502746,256
9,1.0,310.8423577999929,0.48052000000000006,0.9335978835978835,0.9215371739433673,0.9936075728698373,0.9828412328412328,0.9329836829836831,0.9329758713136729,0.8966555334221995,0.9942857142857143,0.8787878787878788,"[77, 1, 24, 174]",0.8143837611893684,0.8317842435355138,0.8321947688631627,0.988668720025119,0.8143837606892514,0.8149911094927582,0.8137773174288028,0.0005243813239319,9.8664621153493e-07,0.32224818502746,256
9,1.5,310.1372527999338,0.7822180000000001,0.9439153439153439,0.9266088613949848,0.9947485341477037,0.9860787360787361,0.9506604506604507,0.9526315789473684,0.9239902080783353,0.9945054945054945,0.9141414141414141,"[77, 1, 17, 181]",0.83946561910562,0.8579146837947345,0.8519018302821714,0.9900193260121286,0.8394656186055206,0.8378945586445021,0.841042582141263,0.0005243813239319,9.8664621153493e-07,0.32224818502746,256
9,2.0,310.2723398000235,0.256744,0.9550264550264551,0.9421097770154374,0.9968776747561292,0.992035742035742,0.9594017094017093,0.9664082687338501,0.9438101949729857,0.9894179894179894,0.9444444444444444,"[76, 2, 11, 187]",0.8698940099820279,0.8895962551386669,0.8766995063592675,0.9898949412015449,0.8698940094823902,0.8447727211187872,0.8965551708670723,0.0005243813239319,9.8664621153493e-07,0.32224818502746,256
9,2.5,310.9303682000609,1.0,0.8933862433862434,0.8382151806941371,0.9768175411705651,0.9486855736855737,0.8496503496503497,0.8294117647058824,0.7779134295227526,0.9929577464788732,0.7121212121212122,"[77, 1, 57, 141]",0.8417741960848838,0.8560722668965658,0.8534447027770113,0.9879588912416155,0.8417741955852936,0.8158061025549032,0.8694498343868178,0.0005243813239319,9.8664621153493e-07,0.32224818502746,256
9,3.0,310.87778840004466,0.9980020000000001,0.9230158730158731,0.9135147601476015,0.9908097534355564,0.9772727272727273,0.9403651903651904,0.9503916449086162,0.9189828047028288,0.9837837837837838,0.9191919191919192,"[75, 3, 16, 182]",0.8627085820982652,0.8814579453131165,0.8706980458108657,0.9897309341191979,0.8627085815985135,0.8410067409544117,0.8855601049029237,0.0005243813239319,9.8664621153493e-07,0.32224818502746,256
10,0.5,225.0045753000304,0.9660340000000001,0.977891156462585,0.961036077705828,0.9939746365812384,0.9830128205128206,0.9485897435897437,0.9503916449086162,0.9202825276566202,0.994535519125683,0.91,"[77, 1, 18, 182]",0.7829281072188264,0.8258468854427338,0.808337785405689,0.9850211344512385,0.78292810671899,0.7642810737859956,0.8025078015467404,0.0003833398520373,6.944267433142807e-07,0.1172379333631342,128
10,1.0,225.11974180000834,0.20679400000000003,0.9524728810443097,0.9317427401094754,0.9931715041126691,0.981025641025641,0.935448717948718,0.9540816326530612,0.9221627675460429,0.9739583333333334,0.935,"[73, 5, 13, 187]",0.8051847756562441,0.8371964585781098,0.8251324782219318,0.98723699020112,0.8051847751562105,0.7946331139438711,0.8160204322634776,0.0003833398520373,6.944267433142807e-07,0.1172379333631342,128
10,1.5,225.97001230006572,0.9480520000000001,0.9326622540908256,0.9173725451674084,0.9891075434551354,0.9711538461538461,0.9043589743589744,0.9148936170212766,0.8685579196217494,0.9772727272727273,0.86,"[74, 4, 28, 172]",0.7674523664332585,0.8106781268119811,0.7973121138330646,0.9852205576672941,0.7674523659331569,0.7603234763224594,0.7747162046040422,0.0003833398520373,6.944267433142807e-07,0.1172379333631342,128
10,2.0,224.92693760001566,0.9620380000000001,0.9553686339400624,0.945352323838081,0.9947157581192053,0.9865384615384615,0.9340384615384616,0.9569620253164557,0.9256859816023273,0.9692307692307692,0.945,"[72, 6, 11, 189]",0.8521799847132155,0.8814846861362458,0.862547814128236,0.9925286620504081,0.8521799842133547,0.8710710926091856,0.8340908748285156,0.0003833398520373,6.944267433142807e-07,0.1172379333631342,128
10,2.5,225.85511799994856,0.9020980000000001,0.9445670159955875,0.9379481522338665,0.9948366037548793,0.9855128205128205,0.9446794871794872,0.9506493506493506,0.9197691197691198,0.9891891891891892,0.915,"[76, 2, 17, 183]",0.8214014280255346,0.8515665030479431,0.8377625159575071,0.9891288877643402,0.8214014275254218,0.8206818971322788,0.8221222217197061,0.0003833398520373,6.944267433142807e-07,0.1172379333631342,128
10,3.0,224.92285319999792,0.9600400000000001,0.9592756021327451,0.947107222149667,0.996757545820687,0.9913461538461539,0.9568589743589744,0.9722921914357683,0.9515549007493307,0.9796954314720813,0.965,"[74, 4, 7, 193]",0.8564983568321519,0.8840409004688263,0.8659780687199248,0.9919348020654253,0.8564983563321006,0.8643029923926978,0.8488334112231709,0.0003833398520373,6.944267433142807e-07,0.1172379333631342,128
