outer_fold,loss_w_mask,train_time_sec,thr_cls_from_val_sel,val_sel_best_bacc,val_sel_best_f1m,test_pr_auc,test_roc_auc,test_bacc,test_f1_1,test_f1_macro,test_prec1,test_rec1,test_cm_TN_FP_FN_TP,test_dice_global,test_dice_pos_mean,test_miou,test_pix_specificity,test_pix_f1,test_pix_prec,test_pix_rec,hp_lr,hp_weight_decay,hp_dropout_rate,hp_dec_ch,selection_criterion,method
1,1.0,297.7802622000454,0.9940060000000001,0.9449413635460147,0.9274099883855982,0.9937106766976485,0.9838462010932989,0.9169891284319145,0.9414758269720102,0.903486451497701,0.9635416666666666,0.9203980099502488,"[74, 7, 16, 185]",0.825428105938695,0.86225039923369,0.8402295308824256,0.9914480528641405,0.8254281054394939,0.8620360205539628,0.7918027728775806,0.0005210428342433,4.270619197053439e-05,0.1026597729192287,192.0,by_prauc,scalar
1,3.0,287.83137419994455,0.502498,0.9352017491552376,0.9251098389029424,0.9882752970365128,0.9702720963085805,0.9071310116086235,0.9393939393939394,0.8982683982683983,0.9538461538461539,0.9253731343283582,"[72, 9, 15, 186]",0.8528956913870569,0.8747342047999748,0.8622220274412876,0.9922478953399857,0.8528956908873891,0.8782885658412002,0.8289298642179836,0.0005210428342433,4.270619197053439e-05,0.1026597729192287,192.0,by_dice,scalar
2,2.5,309.0188374998979,0.9360640000000001,0.9349442379182156,0.8994740281970683,0.9936996602403576,0.984337571402248,0.9206744057490326,0.9411764705882353,0.9041142468548113,0.968421052631579,0.9154228855721394,"[75, 6, 17, 184]",0.8574184559323533,0.8870708693319292,0.8667641077210395,0.9895365763485856,0.8574184554328036,0.8301162284081782,0.8865776805365079,0.0003527134719514,1.1666020282617676e-07,0.2079286501910894,256.0,by_prauc,scalar
2,2.0,308.425926099997,0.8181820000000001,0.9278609464483071,0.921079958463136,0.9876503807480113,0.9702720963085805,0.9085129906025429,0.9533169533169533,0.9161489225183492,0.941747572815534,0.9651741293532339,"[69, 12, 7, 194]",0.8582404285266751,0.8927854851110658,0.8675274822731105,0.9902416825794583,0.85824042802686,0.8385517792348797,0.8788758609783969,0.0003527134719514,1.1666020282617676e-07,0.2079286501910894,256.0,by_dice,scalar
3,2.0,323.8575275000185,0.9480520000000001,0.9603540823053018,0.9500266817339988,0.9969393629862207,0.9919062419062419,0.9557109557109558,0.9581151832460733,0.9319987680936248,0.9945652173913043,0.9242424242424242,"[77, 1, 15, 183]",0.8723801887059123,0.8836221887607767,0.8792573032898491,0.9942529524345177,0.8723801882063286,0.900848528137668,0.845656025836988,0.000384523273245,1.1901176389191731e-06,0.1385861494625845,256.0,by_prauc,scalar
3,3.0,322.22741559997667,0.9980020000000001,0.9575917380795429,0.9500266817339988,0.9959424585148131,0.9891867391867392,0.952020202020202,0.9496021220159151,0.9205153467222433,1.0,0.9040404040404041,"[78, 0, 19, 179]",0.8843093680167126,0.9045166824803208,0.8891807626632613,0.9925585087546256,0.8843093675166491,0.8805150136398093,0.8881365655231147,0.000384523273245,1.1901176389191731e-06,0.1385861494625845,256.0,by_dice,scalar
4,3.0,319.35204540006816,0.8781220000000001,0.9598395721925134,0.9526653752331755,0.9941859072464405,0.9838124838124839,0.9415306915306916,0.9560723514211886,0.9265210241954428,0.9788359788359788,0.9343434343434344,"[74, 4, 13, 185]",0.8601587738850349,0.8795974953006013,0.8683823287105992,0.9928029117624952,0.8601587733853533,0.885286284136237,0.8364183071413983,0.0004896851255704,1.8871612203906618e-05,0.2337853276934768,256.0,by_prauc,scalar
4,3.0,319.35204540006816,0.8781220000000001,0.9598395721925134,0.9526653752331755,0.9941859072464405,0.9838124838124839,0.9415306915306916,0.9560723514211886,0.9265210241954428,0.9788359788359788,0.9343434343434344,"[74, 4, 13, 185]",0.8601587738850349,0.8795974953006013,0.8683823287105992,0.9928029117624952,0.8601587733853533,0.885286284136237,0.8364183071413983,0.0004896851255704,1.8871612203906618e-05,0.2337853276934768,256.0,by_dice,scalar
5,2.5,316.5823081000708,0.9640360000000001,0.9092295957284515,0.8873316416162405,0.9967092274969567,0.9909710705730607,0.962778699097107,0.9695431472081218,0.9494774559570021,0.9896373056994818,0.9502487562189055,"[79, 2, 10, 191]",0.8472505068472896,0.8915974583791856,0.857478325227698,0.9887096896799754,0.8472505063473631,0.8322970048205476,0.8627511649278203,0.0003450802665513,1.60400189822426e-06,0.2645550802120299,256.0,by_prauc,scalar
5,3.0,316.05714400007855,0.9840160000000001,0.922482837528604,0.9132341723874904,0.9931306462131385,0.9821878263005959,0.8973650267182605,0.9458128078817734,0.9032861507763297,0.9365853658536586,0.9552238805970149,"[68, 13, 9, 192]",0.8496704440499211,0.8964621083653388,0.8595128110386604,0.9892536169431949,0.8496704435499184,0.8387780081207168,0.8608495021027212,0.0003450802665513,1.60400189822426e-06,0.2645550802120299,256.0,by_dice,scalar
6,2.0,310.6031362999929,0.9840160000000001,0.9385069817400644,0.9417033276931754,0.9965724498674278,0.9906639641299675,0.9341256679565137,0.9340369393139841,0.8994509020894246,0.9943820224719101,0.8805970149253731,"[80, 1, 24, 177]",0.8659581584952546,0.8633065484649506,0.8745063577039576,0.9943124795396815,0.8659581579956266,0.8931795104820555,0.8403469788455843,0.0008011070649188,1.1843349498732724e-06,0.2498862889398814,256.0,by_prauc,scalar
6,1.0,313.370247200015,0.9840160000000001,0.9470103831006087,0.9433333333333334,0.9965243653042558,0.9910939131502979,0.9428782015846693,0.9481865284974094,0.9179134889678058,0.9891891891891892,0.9104477611940298,"[79, 2, 18, 183]",0.8724053425312401,0.8925364147964402,0.8796917581600894,0.9929253595639591,0.872405342031157,0.8744117732831721,0.8704080986361513,0.0008011070649188,1.1843349498732724e-06,0.2498862889398814,256.0,by_dice,scalar
7,1.0,312.3556950999191,0.9980020000000001,0.9651162790697674,0.9547153241937845,0.997808781745899,0.9939134939134939,0.9570707070707071,0.9551451187335093,0.9284396113898761,1.0,0.9141414141414141,"[78, 0, 17, 181]",0.8802081004129957,0.8872150507840243,0.8856842639790051,0.9949977859304447,0.880208099913678,0.9158667828253961,0.8472220561543289,0.0008642032042503,7.818893705164563e-07,0.1268857234988663,256.0,by_prauc,scalar
7,3.0,312.18682039994746,0.9740260000000001,0.9449142588677473,0.9388359788359788,0.994419785800622,0.9842657342657344,0.9467754467754468,0.9528795811518325,0.9234986141053281,0.9891304347826086,0.9191919191919192,"[76, 2, 16, 182]",0.8854827600130133,0.8888347895458492,0.890003975822738,0.9932070102007048,0.8854827595129751,0.8926094261981379,0.8784689922017164,0.0008642032042503,7.818893705164563e-07,0.1268857234988663,256.0,by_dice,scalar
8,1.0,308.14047660003416,0.12487600000000001,0.9482993197278912,0.9259236338882356,0.9952364669373326,0.9871147371147371,0.9518259518259518,0.9583333333333334,0.9315476190476191,0.989247311827957,0.9292929292929293,"[76, 2, 14, 184]",0.8383489762677685,0.827237302606756,0.8516227068702915,0.9943076095186756,0.8383489757696534,0.8948488405183569,0.7885600785518305,0.0003450768131156,1.4347494710900565e-07,0.1981171912189044,256.0,by_prauc,scalar
8,3.0,307.99584290001076,0.7022980000000001,0.9153061224489796,0.9174152419588526,0.9925814840626428,0.9798627298627299,0.9302641802641802,0.9393139841688655,0.9031830036451264,0.9834254143646409,0.898989898989899,"[75, 3, 20, 178]",0.840526626626294,0.8414548864268293,0.85260489769253,0.9891292809334081,0.8405266261263051,0.8282248043426119,0.8531994026267941,0.0003450768131156,1.4347494710900565e-07,0.1981171912189044,256.0,by_dice,scalar
9,2.0,310.2723398000235,0.256744,0.9550264550264551,0.9421097770154374,0.9968776747561292,0.992035742035742,0.9594017094017093,0.9664082687338501,0.9438101949729857,0.9894179894179894,0.9444444444444444,"[76, 2, 11, 187]",0.8698940099820279,0.8895962551386669,0.8766995063592675,0.9898949412015449,0.8698940094823902,0.8447727211187872,0.8965551708670723,0.0005243813239319,9.8664621153493e-07,0.32224818502746,256.0,by_prauc,scalar
9,2.0,310.2723398000235,0.256744,0.9550264550264551,0.9421097770154374,0.9968776747561292,0.992035742035742,0.9594017094017093,0.9664082687338501,0.9438101949729857,0.9894179894179894,0.9444444444444444,"[76, 2, 11, 187]",0.8698940099820279,0.8895962551386669,0.8766995063592675,0.9898949412015449,0.8698940094823902,0.8447727211187872,0.8965551708670723,0.0005243813239319,9.8664621153493e-07,0.32224818502746,256.0,by_dice,scalar
10,3.0,224.92285319999792,0.9600400000000001,0.9592756021327451,0.947107222149667,0.996757545820687,0.9913461538461539,0.9568589743589744,0.9722921914357683,0.9515549007493307,0.9796954314720813,0.965,"[74, 4, 7, 193]",0.8564983568321519,0.8840409004688263,0.8659780687199248,0.9919348020654253,0.8564983563321006,0.8643029923926978,0.8488334112231709,0.0003833398520373,6.944267433142807e-07,0.1172379333631342,128.0,by_prauc,scalar
10,3.0,224.92285319999792,0.9600400000000001,0.9592756021327451,0.947107222149667,0.996757545820687,0.9913461538461539,0.9568589743589744,0.9722921914357683,0.9515549007493307,0.9796954314720813,0.965,"[74, 4, 7, 193]",0.8564983568321519,0.8840409004688263,0.8659780687199248,0.9919348020654253,0.8564983563321006,0.8643029923926978,0.8488334112231709,0.0003833398520373,6.944267433142807e-07,0.1172379333631342,128.0,by_dice,scalar
1,2.4587533769729157,,,,,0.993878677231189,0.9848289417111972,0.949051041090842,0.9506493506493506,0.9222520496263512,0.9945652173913044,0.9104477611940298,,0.8609549933314576,0.899527364702367,0.8690067046281715,0.9935510908623164,0.8609549928321634,0.8965400382221254,0.8280869559384779,,,,,pareto_distance,multiobjective
2,2.696638467420438,,,,,0.9768934451382154,0.9614888520361158,0.9319145015662428,0.9573934837092732,0.9271815903394852,0.9646464646464646,0.9502487562189056,,0.8711940289123193,0.8945184774066678,0.8782807209027657,0.9905755858481224,0.8711940284126799,0.8460218557345646,0.89791006161974,,,,,pareto_distance,multiobjective
3,2.4748216721000285,,,,,0.99927515367307,0.9981222481222484,0.946969696969697,0.944,0.9126779661016948,1.0,0.8939393939393939,,0.9091495698213682,0.9147232903374566,0.91128108160444,0.9960327278105195,0.9091495693216216,0.9324537941711264,0.8869817981342424,,,,,pareto_distance,multiobjective
4,2.432908883556186,,,,,0.9914853100640192,0.9773374773374772,0.8986013986013985,0.9081081081081082,0.8606474606474607,0.9767441860465116,0.8484848484848485,,0.858143417582902,0.8726717823683613,0.8667098049252776,0.9926997254937232,0.8581434170832299,0.8835539964404014,0.8341535706996669,,,,,pareto_distance,multiobjective
5,1.407597305864786,,,,,0.9948256455328518,0.986855844235612,0.9318223696333148,0.9489795918367347,0.9163502610346465,0.9738219895287958,0.9253731343283582,,0.8273595458251161,0.8743293534463911,0.8413276955141595,0.986440277922973,0.827359545325465,0.8033403884421372,0.8528592734744099,,,,,pareto_distance,multiobjective
6,2.894903252290406,,,,,0.993605762052954,0.982986303052638,0.9319145015662428,0.9573934837092732,0.9271815903394852,0.9646464646464646,0.9502487562189056,,0.8735457247902972,0.8890734335676355,0.8807677825601579,0.9939720467247958,0.8735457242903734,0.889573615309904,0.8580851771312744,,,,,pareto_distance,multiobjective
7,2.6702482171286004,,,,,0.993955796902496,0.9833592333592334,0.947940947940948,0.9585492227979274,0.9310818403146264,0.9840425531914894,0.9343434343434344,,0.860556999646904,0.8795753440471611,0.868941055472363,0.9926191021098753,0.8605569991470614,0.879979905425534,0.8419729822153234,,,,,pareto_distance,multiobjective
8,2.285231768585234,,,,,0.9967328967320076,0.9911292411292412,0.9557109557109558,0.9581151832460733,0.9319987680936248,0.9945652173913044,0.9242424242424242,,0.8868124450784588,0.8895040088229709,0.8915637387537219,0.9944372938377644,0.8868124445786009,0.9056106623523388,0.8687787660525322,,,,,pareto_distance,multiobjective
9,1.9502204518721693,,,,,0.989614824180259,0.972222222222222,0.9022921522921524,0.9173333333333332,0.8710960451977401,0.9717514124293786,0.8686868686868687,,0.8068848838481915,0.8311421461779662,0.8259454443930334,0.9852404355323028,0.8068848833488076,0.7771250747888832,0.839014742134466,,,,,pareto_distance,multiobjective
10,2.654904591322907,,,,,0.9908957494839384,0.976474358974359,0.9293589743589744,0.9430051813471504,0.906796708320634,0.978494623655914,0.91,,0.8001190868321635,0.8388977730274201,0.8215687995123333,0.9885106986031706,0.8001190863320712,0.8069233560415175,0.79342861019402,,,,,pareto_distance,multiobjective
