trial_number,pruned,time_sec,lr,weight_decay,dropout_rate,alpha,dec_ch,loss_w_mask,val_cls_prauc,val_mask_dice_global,distance_to_ideal
0,False,230.88731349998852,0.00014761140622734654,7.114476009343419e-05,0.31959818254342154,0.2,96,2.665440364437338,0.9837936265951349,0.80128996379551,0.19936981975045184
1,False,227.32035690004705,0.0002841405069557113,1.3311216080736884e-05,0.10617534828874074,0.2,96,0.9585112746335845,0.9919847520859767,0.7920791991195698,0.2080752355228338
2,False,233.91943670000182,0.00012046944978568695,3.7520558551242797e-06,0.22958350559263474,0.2,128,1.4159046082342293,0.987046689840479,0.800812356233577,0.1996083807692156
3,False,320.6897130999714,0.00018683666900867592,2.2673986523780406e-05,0.15990213464750794,0.2,256,0.9263103092182288,0.9878088259768196,0.8136776524720283,0.186720759189753
4,False,221.1733988999622,6.034308097075226e-05,7.025166339242167e-05,0.3896896099223679,0.2,96,1.6003812343490034,0.9691404330736819,0.765286421389639,0.23673355667281737
5,False,221.7402948999661,7.114776224468202e-05,3.0586566669785253e-06,0.11031655633456552,0.2,96,1.800170052944527,0.9857017318676682,0.7805705048668139,0.21989484715651933
6,False,233.65971870004432,0.00024279536193499654,3.5856126103453943e-07,0.39087538832936763,0.2,128,2.804685587557792,0.9861639993043333,0.8255178004771601,0.17502991991536365
7,False,320.73321860004216,6.45731851556331e-05,3.8721180321745825e-07,0.11356818667316143,0.2,256,1.3918833167339733,0.9871158962401413,0.7928518188771937,0.20754847403000046
8,False,285.04313629999524,0.0001126209976172096,4.247058562261874e-06,0.1422772674924288,0.2,192,0.996789203835431,0.9816269286744953,0.7955558512485672,0.20526806792248536
9,False,233.76611619995674,5.08044514038736e-05,2.795015916508335e-05,0.3120572031542852,0.2,128,0.7896726488128243,0.9778292461280597,0.765057290478911,0.23598648072370787
10,False,320.44801560003543,0.0006058986765773628,7.411299781083234e-06,0.19926940745579477,0.2,256,2.093893678388033,0.9913120463897928,0.8293929768255779,0.17082809164294646
11,False,320.51696069998434,0.0006496265503239576,2.6100256506134772e-06,0.13587827378149053,0.2,256,1.7344889909109769,0.991128439157016,0.8222809361397945,0.17794035588122945
12,False,285.0057627999922,0.0002265385688667161,1.9170041589170644e-06,0.10762573802322856,0.2,192,1.771426727911757,0.9910333485072492,0.8114396386718568,0.18877343749371198
13,False,222.28354420000687,0.0006889905187802439,5.595986878006078e-07,0.22311487691068893,0.2,96,0.903053218135011,0.9893283354214528,0.7978352412244243,0.2024462252442948
14,False,320.4248341000057,0.0007345035605176187,2.656813924114494e-05,0.2900211269531271,0.2,256,1.8483556047891267,0.9885703848625422,0.8030334908633237,0.19729785052979876
15,False,320.089803400042,0.00051585474613033,4.878360603452141e-05,0.19540104249155918,0.2,256,2.6518264581408584,0.9867771271173446,0.8212175855192383,0.179270734072357
16,False,320.528904900013,5.101487450557243e-05,3.4059785435329953e-06,0.22522330094463372,0.2,256,1.308007330051888,0.9752766819052354,0.7748812980013619,0.22647223328074143
17,False,221.23536699998658,0.0002239719379003393,1.2854549964879024e-05,0.20908888071378823,0.2,96,1.252195774541924,0.9898292138408408,0.8084161167944964,0.1918536660978762
18,False,320.4610091999639,0.00011389966461383681,1.2902113024567142e-07,0.28286930019396905,0.2,256,1.098904726667431,0.9865651132779272,0.8113459455118178,0.18913182824703234
19,False,285.06912670005113,7.600681836450568e-05,2.940074130903305e-06,0.3956951362331803,0.2,192,2.3205408715296487,0.9720445127897206,0.788878525094924,0.21296428440294574
20,False,285.0320604000008,0.00014475649490701937,7.88710262476648e-06,0.29005891322826843,0.2,192,0.9662962759996356,0.9876491841317456,0.807420210189034,0.19297543391905453
21,False,320.36564169998746,5.625406600481959e-05,5.9248700519943105e-06,0.30326930855268475,0.2,256,0.9359160725124787,0.982640414925303,0.7822033268115016,0.21848740477643833
22,False,320.4249180999468,0.00036837075967684,1.4461256820152131e-06,0.38101899662102046,0.2,256,2.6933483834524523,0.9901781552393363,0.8363903770933826,0.16390417121644013
23,False,221.27178030001232,0.0001053797193292436,9.548873458201653e-06,0.3451666600603648,0.2,96,2.7430393948833167,0.9790346549787886,0.7898815352193971,0.21116182167621092
24,False,284.9413379000034,0.0006749009424333191,7.930569433855148e-06,0.2017089373146102,0.2,192,2.4496888646440595,0.9830810486771133,0.8102493154799106,0.19050347290721156
25,False,221.02683009998873,0.0003198119424338642,1.7882156647879477e-07,0.14848861422838414,0.2,96,2.1587544227701394,0.9902987416613858,0.8188053150469441,0.18145420432877746
26,False,320.5923595999484,5.0736869958953613e-05,3.036855685244963e-07,0.26462013680997587,0.2,256,1.0931227187420003,0.9764329006601488,0.7781835459866082,0.22306489513675065
27,False,221.14570340001956,0.0001280664286356861,1.735698209081426e-05,0.2948898697141644,0.2,96,1.4192895076485839,0.989786700490605,0.8092917458516453,0.19098154279192023
28,False,233.43011419998948,0.00010761461214402011,5.394720267647731e-07,0.39190316642573375,0.2,128,1.7565927327629802,0.9856908669920029,0.8006405753401913,0.1998722879444034
29,False,221.4015020999941,0.0002649363744047999,3.0029844369151303e-06,0.15857289633941335,0.2,96,0.9427766985176224,0.9871599511425935,0.8091793536360228,0.1912521527550125
30,False,284.83657080004923,0.0007577078863156092,7.274208264938343e-05,0.37445931706613456,0.2,192,2.916637047609174,0.9708327855493947,0.7921312568157511,0.20990507566947209
31,False,233.5022221999825,0.000810169084802329,3.6226665947286684e-05,0.18833466762087572,0.2,128,1.8920031561458754,0.9863638775373934,0.81189953721878,0.18859408244779133
32,False,284.9152725999593,0.0007483406776428289,1.2248682856804874e-05,0.2710183510268095,0.2,192,1.795824130909342,0.9859047987537746,0.8017227869347924,0.1987775840457805
33,False,320.5761346000363,0.0006314112248406881,1.668421790225707e-05,0.30910472229858044,0.2,256,2.525283486697952,0.9877999641631083,0.8189438355658387,0.1814667340148918
34,False,233.57942269998603,0.0006128893090419255,5.491887821601535e-05,0.2534027196582814,0.2,128,2.4894816735902525,0.9877623578307368,0.8088333990311349,0.19155790041617238
35,False,233.6500856000348,0.0006548913275902469,1.0327268550128363e-06,0.21267488579198324,0.2,128,1.8566115867689414,0.9868088712809546,0.8170234773702136,0.18345139331869667
36,False,234.00210799998604,0.00011446095357835746,5.922427891922456e-06,0.10915007498171483,0.2,128,1.805608150137011,0.9849190875349277,0.7984860373451166,0.20207748777548903
37,False,320.4071716000326,0.0004629368376725445,4.4408191026434393e-07,0.28686714274570013,0.2,256,2.0935747537455165,0.9826270062481299,0.8183669520830161,0.1824620097650902
38,False,233.6420611999929,0.00040776739032613303,8.463621602561945e-05,0.25489010449035865,0.2,128,0.6961409533556648,0.991042402606357,0.8135710831472579,0.18664399157206543
39,False,221.31077799998457,5.3801216489325404e-05,7.725831714587862e-05,0.3507940361536618,0.2,96,1.1256072454114883,0.973864248955443,0.7557225046496969,0.24567167565122439
40,False,233.71858069999143,0.0002445677204397863,1.3924761586031799e-05,0.2980592130153194,0.2,128,2.0293018655858805,0.9869790282101075,0.8156495896787733,0.18480968451885257
41,False,221.32476250000764,0.00016814440696911057,5.535960319083611e-07,0.2067918035953785,0.2,96,0.6018220057974253,0.9905374180892142,0.8001235912093498,0.2001002729819863
42,False,233.70030110003427,0.0005926607341274318,1.291140720054992e-05,0.24225214872619757,0.2,128,1.5846291230949325,0.9850739815242742,0.8050370706857499,0.19553344940017547
43,False,285.030802400026,0.00015819838317019752,7.0396374684685645e-06,0.29052809526029316,0.2,192,2.6412246029708055,0.9884071689183139,0.8078288533260466,0.19252050110694865
44,False,320.3540703000035,0.0003355907713861595,3.08179170052056e-07,0.12117062422012896,0.2,256,1.9386854446896975,0.9883374658000882,0.8212136480534094,0.17916633150883648
45,False,320.2174866999849,0.00015354265288709408,8.508728286362322e-06,0.23747586714745503,0.2,256,2.7633766048901593,0.9874649629497647,0.8181898552340441,0.18224175123628675
46,False,284.7821511000511,8.805240704935417e-05,1.6146704696224905e-07,0.130233400413228,0.2,192,1.2974390757344032,0.98520526704551,0.7998492898767717,0.20069676351657298
47,False,285.33380369999213,0.0005748026377593019,1.174399363537815e-07,0.34434054477668075,0.2,192,2.6936800338176323,0.9827302677863082,0.8197867292898596,0.18103885381535909
48,False,320.3330579000176,0.0004184894123168781,2.573017803008084e-05,0.18461037177139195,0.2,256,1.5315441922785662,0.9889303830751116,0.8196613487620892,0.18067807157807672
49,False,221.2645838999888,0.00014653928859375163,2.134218510097732e-05,0.20224106207590536,0.2,96,2.386357185211706,0.9845163199167295,0.7903214012550824,0.2102495163384525
