trial_number,outer_fold,pruned,time_sec,lr,weight_decay,dropout_rate,alpha,dec_ch,loss_w_mask,val_cls_prauc,val_mask_dice_global,distance_to_ideal
0,1,False,389.5984098999761,6.972601389425683e-05,6.717375374452922e-06,0.14001728925579648,0.2,192,1.8529055307085094,0.7934414920488198,0.5866995645926061,0.4620429277837279
1,1,False,416.23380049999105,5.437387198731951e-05,1.5894427467920508e-05,0.21848500552930178,0.2,256,1.0525724897109283,0.7877811922981562,0.5859824712973044,0.46523900998892975
2,1,False,386.42441610002425,0.00016119149502823524,8.877474082252482e-07,0.12299880999893419,0.2,192,2.886220312771663,0.8183049868191414,0.6481622447056443,0.39598343887764204
3,1,False,297.86505109997233,0.00018135027505673627,1.0213484994262787e-05,0.12475001490914664,0.2,96,1.8580062882010149,0.8662838259112029,0.6267094225769617,0.3965171754234245
4,1,False,306.11389249999775,0.00019768469517391222,8.111870945653683e-06,0.39346124022460194,0.2,128,0.9522864881447525,0.8759866850622249,0.603760903288245,0.4151923940112623
5,1,False,414.60207700001774,0.0007857695407687355,1.7213094385854133e-06,0.3595051361821545,0.2,256,1.017228428358413,0.9153565070066392,0.5566007285407105,0.45140606424454005
6,1,False,415.14718869997887,0.00016091954164849156,9.565715876232623e-05,0.32071812445213627,0.2,256,1.497992214760187,0.8499629049840423,0.6564938788340376,0.3748434141869273
7,1,False,415.1351765000145,0.0003468844277306199,1.3006092057794088e-05,0.28286796137771375,0.2,256,1.2258319444268915,0.9304167740680536,0.6357239039834588,0.3708623726669351
8,1,False,414.6175110999611,0.00033295236683119483,7.922282547548326e-07,0.14334351352684863,0.2,256,1.1133581324083994,0.9603202803206654,0.6700200317442846,0.33235712660310673
9,1,False,305.69058829999994,0.00043413609293616804,1.4469047539530243e-05,0.3085782600865279,0.2,128,0.9964497110907848,0.9374525721890368,0.5934471725371652,0.41133609402019805
10,1,False,305.31362269999227,0.000278718453902178,7.874550001935913e-05,0.39960947376900613,0.2,128,1.9240609973576475,0.8634166518713192,0.6708696733734081,0.3563450334877245
11,1,False,305.7346443000133,5.0740052454479174e-05,6.820760009382921e-06,0.36105444311037693,0.2,128,1.586695802717013,0.7826651528884607,0.561346254938491,0.48954217777989617
12,1,False,297.35194239998236,0.0006471653899314206,5.822893419767483e-07,0.23299380841869524,0.2,96,1.2790686732728769,0.9154117659443228,0.5782195958330593,0.4301788914857235
13,1,False,386.4760508000036,0.0004395261767808619,1.4011907433416562e-05,0.38246627312749515,0.2,192,2.6122447189421405,0.8634885756427739,0.6699452430544184,0.35717154360677394
14,1,False,386.45930790004786,0.0007193590133673152,3.068201209628924e-05,0.2182593993879179,0.2,192,0.8206508539401831,0.9486937727144198,0.589120583237968,0.41407031296265034
15,1,False,414.9981457000249,0.00032198124240990936,4.1126206185225173e-07,0.3234871376596689,0.2,256,2.252439223583261,0.87453680977406,0.6644561463983637,0.35823273132351646
16,1,False,305.53924690000713,0.00016529437772102473,2.3028015417469093e-07,0.11810906330546611,0.2,128,2.3215101255213786,0.8362322002548291,0.6603708819364368,0.37705149524966497
17,1,False,297.41650629998185,0.00011634763176427868,3.7016286594494778e-06,0.34445556587518533,0.2,96,1.670484765174813,0.8191396198856575,0.6033692165277292,0.43592023982941164
18,1,False,414.9816415000241,8.449783724950901e-05,1.6233336955126483e-07,0.252520279643922,0.2,256,1.3877811760019112,0.802676205553414,0.6140500456669568,0.43346746948816894
19,1,False,386.625599699968,0.0005455198689756868,1.1964286595880206e-07,0.10067187314600594,0.2,192,0.8978437413849534,0.9570690989441845,0.6186165678893725,0.3837921111147881
20,1,False,297.140531299985,0.0007840517663685742,3.1492745287635617e-07,0.2107855921129161,0.2,96,1.2985126507140936,0.928558119725491,0.5822155921493409,0.4238487391750542
21,1,False,386.32434689998627,0.0008079194161955229,9.820142752560357e-05,0.2458046572179614,0.2,192,0.6118642386045685,0.9411437926673889,0.5474313748259423,0.4563796814424543
22,1,False,305.4713249000488,0.00018203443106106382,1.3505927042831239e-05,0.28782139828901265,0.2,128,1.9743275255240695,0.8455503160002202,0.6360718338517584,0.39534594345162316
23,1,False,305.790999800025,9.216410802259233e-05,2.427878252626456e-05,0.20509179466835575,0.2,128,0.9000865268476459,0.8350953547639064,0.5927891066559844,0.43933387494987586
24,1,False,305.20976120000705,0.000545194096901871,9.956458444926953e-07,0.264009155984978,0.2,128,2.9087228094489515,0.8919574586159922,0.6286864432072716,0.3867130049620542
25,1,False,386.66705839999486,0.000872600417413986,5.71783029236062e-05,0.3551457070159997,0.2,192,2.746842728404138,0.9019961924879084,0.5983954828495662,0.4133895674572596
26,1,False,297.9153703000047,0.0002959016456511369,9.465366689035074e-05,0.30777291924562755,0.2,96,1.389486065781231,0.9108839463828259,0.6351827768776717,0.3755439751866428
27,1,False,386.3845691999886,0.0001998626256061394,9.482751600290523e-06,0.12578266352501857,0.2,192,2.204505341037983,0.8576458593797895,0.6406219987761127,0.38654527434104663
28,1,False,305.9373733999673,9.360008276167369e-05,1.166297232308069e-07,0.11169225217442784,0.2,128,1.8605656892722118,0.8066739144866648,0.6091255812079703,0.4360708504428109
29,1,False,305.3984548000153,0.0002224418755605753,4.5609685603151064e-05,0.22305831956995192,0.2,128,2.438260697781099,0.8456182106366773,0.649917589908954,0.3826113311732634
30,1,False,415.12073220004095,5.079111816575945e-05,1.4395906941206005e-07,0.2743449754687329,0.2,256,1.893621334561029,0.7794750368229554,0.5709999017876217,0.48236121698418816
31,1,False,297.50648899999214,5.352999323527365e-05,5.223518445516718e-06,0.3109032340796458,0.2,96,2.8610488560957643,0.7868951955281498,0.5455629268659836,0.5019230131480293
32,1,False,386.6123134000227,0.0004897278587475082,9.455722045253265e-05,0.37237230535129096,0.2,192,0.5814653093101538,0.9388874650254916,0.583270192591676,0.4211869826022515
33,1,False,297.75285790005,8.041894015992202e-05,4.665570931930494e-06,0.26111347124906836,0.2,96,1.4824332987295634,0.8045022171107796,0.5984893807032778,0.4465760411426458
34,1,False,415.0560057000257,6.125284776651323e-05,2.145586482264898e-06,0.15964372630855386,0.2,256,0.9563386910530021,0.7976018869416881,0.5977719366493399,0.4502803694548407
35,1,False,386.527826000005,0.0005210428342433791,4.270619197053439e-05,0.10265977291922876,0.2,192,2.4587533769729153,0.9409557173167624,0.689338290117609,0.3162229044592262
36,1,False,305.38605370000005,0.00021502041557909516,5.446130887783317e-06,0.1706960941725867,0.2,128,2.8622564865697435,0.8376456792758606,0.6423666471027291,0.3927601565362004
37,1,False,305.7577076999587,6.809989684497819e-05,1.5917535221155498e-06,0.3384483680393511,0.2,128,1.3210017323152674,0.7884628700455083,0.5846327552921724,0.4661307813538555
38,1,False,414.9776595000294,6.239290547866546e-05,4.832504161998977e-05,0.3950725208360464,0.2,256,2.493895494395449,0.7861031314406082,0.5976571431492799,0.4556661550283418
39,1,False,305.504427799955,0.00012177771602283493,1.349804784653244e-07,0.39860688957793466,0.2,128,0.630064609458975,0.857322859525483,0.6130155082140657,0.41244849775069237
40,1,False,415.1545688000042,0.00020600752555178972,2.617153770560162e-05,0.39373533867209387,0.2,256,2.1394094036564817,0.8334947385607228,0.6509490656850134,0.3867305998148157
41,1,False,414.8773442999809,0.00017501051765194832,7.660833011993736e-05,0.32644753733225074,0.2,256,2.5262847236997756,0.828167779068513,0.6798361829971645,0.36336095259132134
42,1,False,305.6816956999828,0.00039605753738938295,2.0380847879497018e-05,0.1488747637797068,0.2,128,1.1538813736730367,0.9239842827004358,0.5686252430739432,0.4380211983335759
43,1,False,305.3901621999685,0.0006503872724744321,1.3297961575880443e-07,0.18645478606353028,0.2,128,1.239547659661702,0.9455472369481461,0.5284924880041032,0.47464137753944513
44,1,False,297.91816339996876,0.0006390986538342197,1.4602389152848704e-05,0.1592566813311736,0.2,96,1.5235246117181596,0.9260512022985837,0.635932442694931,0.3715018317095687
45,1,False,305.3557584999944,0.0007463396223249954,1.4169616872851697e-07,0.34269615808625353,0.2,128,0.6987753955850863,0.9272549893349051,0.5046865818693516,0.5006268258462898
46,1,False,297.86759410001105,6.307349837871706e-05,3.220529119365974e-07,0.1521550300600197,0.2,96,2.8253529716750476,0.7884816906949139,0.5600342762103876,0.4881698815791482
47,1,False,297.38440099998843,0.0002621913214802423,1.9528327712303516e-06,0.14494751392516297,0.2,96,1.2545586819370724,0.9167583447645539,0.6393671696953809,0.37011513270853585
48,1,False,305.7601055999985,8.165992674672081e-05,1.0915626988145552e-06,0.15677620847147322,0.2,128,1.1091609178881794,0.8144521868636783,0.5563744848014617,0.48086545799718233
49,1,False,297.45560169999953,0.00025903499796138806,4.948430938930542e-05,0.322410121991664,0.2,96,2.983131747102361,0.8344656328962191,0.642712754628601,0.39377125643897826
0,2,False,386.1133819000097,0.0005583729868162969,2.0624731958231757e-07,0.32339214450385534,0.2,192,1.5226815246522467,0.9039358506851849,0.6252695438005217,0.3868478196746729
1,2,False,297.79666089999955,0.0002182913262037223,1.3503426347626663e-05,0.38815786756170023,0.2,96,2.8936801726697934,0.8183807764593141,0.6177269090726328,0.42322365057577394
2,2,False,305.44868619996123,0.0007640683782402049,4.420514744344239e-05,0.2939231687210181,0.2,128,2.6846579628907956,0.8638526488925363,0.5906759235836457,0.4313725776491598
3,2,False,305.8153281000559,0.00010553476981505318,9.875368112544981e-06,0.3588023008110879,0.2,128,0.7600574024755777,0.8341100423930335,0.5795282197964322,0.45201326969724964
4,2,False,297.4284085999825,8.989012515087318e-05,2.320426893057865e-06,0.3383724748684651,0.2,96,0.6472473034301935,0.8340814552890226,0.5690225192397531,0.461812247998532
5,2,False,305.85914279997814,0.00039047107467115406,1.650150062530052e-07,0.364783474578964,0.2,128,2.825257008520431,0.8515447251595443,0.6520020984769548,0.37834046584048914
6,2,False,414.92874900001334,0.0006393071542284783,1.9271519105096345e-07,0.23694892517122076,0.2,256,1.1789003842798715,0.9199003463872885,0.5262982243912055,0.4804261927953148
7,2,False,386.4327097000205,0.0006685595556600023,3.109595768007933e-07,0.13970748842155914,0.2,192,1.9201884323031173,0.9065549876109369,0.6461719142373765,0.3659594029599931
8,2,False,297.7025692999596,6.585340268752373e-05,2.4770367762780656e-05,0.18059691114337845,0.2,96,2.1890154341751376,0.7915954441700424,0.5173731822020962,0.5257005841240934
9,2,False,414.98563130002003,5.575310245479291e-05,8.449742969624771e-07,0.2692748476036517,0.2,256,2.3427989818524524,0.7806330232852888,0.5512632517116669,0.49948627582481125
10,2,False,297.8397130999947,0.0004304935475270427,2.1215671677795928e-07,0.24809058177991586,0.2,96,2.6332441480295468,0.8760437868345867,0.6267017709955972,0.39334045121260147
11,2,False,386.1880722999922,5.751659464451969e-05,3.1498268844993297e-06,0.25092696069755943,0.2,192,1.87782370944144,0.7863708293460518,0.5519839424463222,0.4963424325808081
12,2,False,297.7191340000136,5.9049678747842236e-05,6.108300683142328e-06,0.29291324530009305,0.2,96,0.9554050301283066,0.7925364952849012,0.5560977968422146,0.48999007312088233
13,2,False,297.3928987000254,5.036860889347215e-05,6.348373829471709e-07,0.30973829339925174,0.2,96,1.426099721486005,0.784981079357397,0.5401235425517641,0.5076608044250108
14,2,False,297.85677159996703,7.32436131070914e-05,1.0762135169668442e-05,0.25294201638159153,0.2,96,0.6603491188923334,0.8270259276187533,0.5607426253604417,0.4720879906239832
15,2,False,415.3850814999896,0.00017328503414127368,1.0954008503256688e-06,0.3525025727099218,0.2,256,1.379324914563091,0.8533592506335627,0.6372094464564733,0.3913061398894334
16,2,False,305.49576690001413,0.00022054611577044934,1.2234800134493282e-06,0.39420269968698196,0.2,128,1.7522948797118183,0.8480996566999981,0.6214814393792015,0.4078602886149858
17,2,False,393.32872819999466,0.00016115727395844747,1.53020272869692e-05,0.20896301656481903,0.2,192,1.287351387516306,0.8588845279689046,0.6029456916079671,0.42138545330757976
18,2,False,300.4712660999503,0.00020337892912173898,1.636029535190517e-06,0.3959565844913244,0.2,96,1.932731018989879,0.835574862160734,0.6303212313236463,0.40459611708903814
19,2,False,387.6801701000077,0.00039839545427625784,4.759666345645883e-05,0.33667307487573606,0.2,192,1.4738333808758382,0.8937677853617764,0.6423144039218495,0.37312768467204827
20,2,False,299.21159379999153,0.0001887960790543847,7.017090131738987e-06,0.13866992199580314,0.2,96,2.9474756812719685,0.8311112838119408,0.6290562364007648,0.40758149394791726
21,2,False,389.953995399992,8.199002314785007e-05,3.82454902704742e-06,0.3118915485368654,0.2,192,1.0067318391308313,0.8069581296523631,0.568507879545866,0.4727056311504219
22,2,False,307.61655219999375,0.0008561089166500403,2.2923669275240308e-05,0.1017649199065561,0.2,128,0.5713616698644931,0.9371711107510876,0.567234976269799,0.4373019952943887
23,2,False,298.056035000016,6.282138920166845e-05,2.0210447984930406e-05,0.3945198687060719,0.2,96,0.6322940339590326,0.8060816863416184,0.5435174853373083,0.4959643117855206
24,2,False,404.0874917000183,0.0008247580148365801,1.6614055307098882e-07,0.2532844810133351,0.2,192,1.716253017875394,0.903015053107627,0.6370761324452449,0.37565917207572325
25,2,False,316.83380129997386,7.279020617580806e-05,6.990823365109667e-07,0.15289895188309766,0.2,96,1.5060341045962105,0.7984930526498017,0.551714309492335,0.49149273661401094
26,2,False,424.33193429996027,0.0003527134719514876,1.1666020282617675e-07,0.20792865019108947,0.2,256,2.696638467420438,0.8923476680235087,0.6886250454703445,0.3294592340310432
27,2,False,417.7691491000005,0.0005178242234314091,3.4699228413626403e-07,0.2570649754264387,0.2,256,0.9141596092874564,0.9295855520045091,0.6328735896383536,0.37381813181216567
28,2,False,314.745959700027,0.000248668700519241,2.7968392487576084e-06,0.22258241143686852,0.2,96,2.967139355228652,0.829036967075288,0.6438401782196609,0.3950673072748732
29,2,False,396.63413989997935,7.201549025942528e-05,1.4400016474938626e-05,0.1913711836260668,0.2,192,1.2710012751037745,0.7943007750877268,0.5552346845387239,0.49002893482617776
30,2,False,422.83897019998403,0.00016936601716622404,5.686770972513522e-06,0.2810382477130022,0.2,256,0.9943908986203513,0.8886873272990659,0.6512745992201033,0.3660599899646571
31,2,False,394.60820519999834,0.0005598641589151553,1.9109234885519905e-06,0.2802549037560546,0.2,192,2.4291514286760183,0.8837732192405319,0.6721884585492852,0.3478060828594048
32,2,False,302.93120819999604,0.0003419724714068586,1.6499276225773249e-06,0.39132973986479935,0.2,96,2.8075578001289836,0.8370132579757872,0.6391955248547353,0.39590977174163966
33,2,False,301.88083719997667,0.0005717497985569566,7.405458954337406e-05,0.18625194099723835,0.2,96,1.0382849581882765,0.9299072216441054,0.5861098528215776,0.41978333877016216
34,2,False,391.62647850002395,0.00015187118075576643,9.793496576712534e-05,0.35553689626010243,0.2,192,2.068483136383966,0.8167062563371346,0.6355153001092727,0.407977564236542
35,2,False,307.7629929999821,0.00026824951748838675,9.387628637504559e-07,0.1653241507884906,0.2,128,0.9667762404944755,0.9166770418407388,0.6190649620826212,0.3899413013128063
36,2,False,419.53310000000056,0.0005483954012743405,3.1463946948343186e-06,0.18500493487049435,0.2,256,2.722826389858531,0.9042887853121246,0.6765884277829343,0.3372768620302064
37,2,False,392.76469219999854,6.257287401105476e-05,5.918623430471967e-06,0.13978834876886204,0.2,192,2.931430172480736,0.7898745848781782,0.5347640065867285,0.5104872374970324
38,2,False,417.8975641000434,0.0007903512990069335,5.717026729946401e-05,0.36004631081354777,0.2,256,1.8630127022826173,0.8998383562211701,0.6275376752062855,0.38569487717004447
39,2,False,422.8429827000364,0.00014824304383995158,2.8236076210948533e-06,0.22417084919810054,0.2,256,1.0597605972352038,0.8663741169865646,0.6146387126409959,0.4078715464531808
40,2,False,323.3650471000001,0.000120241507707645,5.734569334629681e-06,0.36794855801820703,0.2,96,2.441813268209261,0.8104837218370369,0.5949208836128608,0.44721975607270203
41,2,False,411.4961538000498,0.00030092109642053844,1.0361734940893242e-06,0.11346129366659734,0.2,192,2.529952656536268,0.8720067635639444,0.6445750060858453,0.37776870552264247
42,2,False,391.33420420001494,0.00011861886094255165,9.445095478641776e-07,0.19238740483760622,0.2,192,1.557317421663566,0.8260298989861177,0.6205725532076471,0.41740961108501584
43,2,False,418.15562999999383,5.207952947056471e-05,8.335890674913454e-05,0.36811787472025337,0.2,256,1.6393079118610558,0.7778759539304296,0.5506226655750451,0.50127744866211
44,2,False,395.439997199981,0.00010189320132070991,4.960082416930791e-06,0.3000507725688039,0.2,192,2.9152116877514658,0.7975638054728155,0.6155113105866163,0.4345249879367923
45,2,False,307.85830630001146,9.478349458898685e-05,2.4827903989256445e-05,0.2182895276969271,0.2,128,0.7082480654544014,0.8471550758312365,0.5654437829136386,0.4606524467020271
46,2,False,419.796808199957,0.0007039817570303293,7.693326496921901e-07,0.21819987724977044,0.2,256,0.7043169364312771,0.934651298226982,0.5860328097712884,0.41909341131694394
47,2,False,420.8579486000235,0.00034242577746727013,1.3227734769051443e-06,0.361398524784766,0.2,256,2.281846956286013,0.8655352387688975,0.6692905591727474,0.35700070905421394
48,2,False,421.84171499998774,0.0002356688475287076,1.0233265690045316e-05,0.19813173756138225,0.2,256,2.3881225080373714,0.8559245857138684,0.6626108614559043,0.36686394727370997
49,2,False,392.4852016000077,8.30643904040692e-05,1.6769776655913584e-07,0.3682011056670009,0.2,192,2.619770031401085,0.7907130989164355,0.5747107541787361,0.47399572738198936
0,3,False,388.2418048999971,0.0008718644392185805,4.452810166265691e-06,0.1844341905865189,0.2,192,0.9083111205206669,0.9326574120580646,0.5456903199449125,0.45927367608265257
1,3,False,320.7114090999821,6.990685179469361e-05,7.62386237923668e-06,0.3568546145786874,0.2,128,1.2066680163279184,0.7991567441688858,0.5200528273298282,0.5202761785503293
2,3,False,309.8445389000117,0.0008396922243221901,1.0452110618944435e-05,0.2321592666323634,0.2,128,1.6963807616542366,0.8772214925193778,0.4370436223948543,0.5761895911811291
3,3,False,309.4129683999927,0.00010085504881696021,1.4586380985339328e-06,0.345662028269613,0.2,128,0.7764136419312782,0.8457278097396779,0.5853320560562689,0.44243577208702095
4,3,False,391.34270199999446,0.00028404945219180053,1.661030527475218e-06,0.35104883512961693,0.2,192,0.7756033056643312,0.9193693764638677,0.5956818491043441,0.4122795951723877
5,3,False,392.90820659999736,0.00040841125140476383,8.51572861406231e-07,0.3477261896491617,0.2,192,0.8048306885869976,0.9163397438713508,0.5842903123424233,0.42404431710361495
6,3,False,310.5470040999935,0.0005933608907829694,1.587869524708028e-07,0.1551855957572591,0.2,128,1.128290632094629,0.9398503629039577,0.550326733270224,0.45367832839382344
7,3,False,306.93575369997416,0.0008594172143075224,1.0873919735766611e-05,0.2207113851867054,0.2,128,2.1237148758190827,0.8785994093018037,0.6258973179524612,0.3933076660033884
8,3,False,418.02307699999074,0.0004053244731271544,2.5409580318188786e-06,0.15632371844527887,0.2,256,2.9769467580716227,0.8817819808771137,0.6518545668591628,0.3676693387572049
9,3,False,308.7135513999965,0.0006358808319523532,3.0467474910176424e-07,0.1914739887173091,0.2,128,0.8999060774208579,0.9289602123412648,0.6040471309545465,0.4022751868260385
10,3,False,306.73325039999327,6.02003315458923e-05,2.156013127499534e-06,0.35193174677784456,0.2,128,2.3168709904286007,0.7835008297266635,0.5250628945937398,0.521955117630549
11,3,False,390.8770271000103,0.0001037748982526886,5.276691532348886e-05,0.3054168064417452,0.2,192,2.972464773980739,0.7994724850117645,0.6197726993828427,0.42986519328967204
12,3,False,296.73139249999076,0.000568059185354228,1.9920522181535803e-06,0.3168265621720112,0.2,96,1.934969711262468,0.8829200018705006,0.5852147143619091,0.4309925279443673
13,3,False,417.0245605999953,5.6850094779676694e-05,2.289790409903238e-06,0.3970021286112736,0.2,256,1.5189433760112498,0.7862976570818792,0.5562275926765274,0.4925470950785967
14,3,False,296.72894760000054,5.460373522495447e-05,1.6759847278503337e-07,0.12233590202536546,0.2,96,1.5180370476480982,0.7866242063802968,0.5044199091164276,0.5395635789997394
15,3,False,414.63348249997944,6.127782568042218e-05,1.0879332330799971e-06,0.1442958589662803,0.2,256,0.7837808920302018,0.8047404124938421,0.5685886298390337,0.4735420539057088
16,3,False,304.65751789999194,0.00023445213440302434,1.740645384482294e-06,0.38944057017628675,0.2,128,1.4445740533772404,0.859913265355577,0.5922523090447896,0.4311408965786506
17,3,False,414.4572020000196,0.0001251350142059943,2.1305218114364267e-07,0.1927097482088651,0.2,256,2.8302981246477557,0.808025847770393,0.631593966918409,0.4154239766012437
18,3,False,385.7406897000037,0.0002852717568765072,2.7235063106082582e-06,0.22329528638311866,0.2,192,0.7872382032836838,0.930713076381094,0.6062354106688559,0.399813993746713
19,3,False,414.64302349998616,8.979790981284493e-05,4.3319804181300215e-05,0.17010226249226146,0.2,256,1.7927924503149621,0.8047286322425627,0.6003112232023262,0.44483932533430653
20,3,False,385.5095085000503,0.0005393145685720816,9.465261641444512e-07,0.1939651400355651,0.2,192,2.842158898719958,0.8662691875039943,0.6472216910571522,0.3772750528081829
21,3,False,414.69941760000074,0.000181400871137607,8.35888881170429e-07,0.26465289179030815,0.2,256,1.290093559857334,0.8795466395201806,0.6311931248483502,0.3879787664421932
22,3,False,304.6665744999773,7.184954869118871e-05,2.6276178881702644e-05,0.36316034448459233,0.2,128,0.5827191633519214,0.8204375346883956,0.5602324812959139,0.47501384133089203
23,3,False,385.733639699989,0.0006876636423408548,8.645817553737808e-05,0.22477958692448113,0.2,192,0.5948199241437314,0.939300565946683,0.5117476493139114,0.4920109543952088
24,3,False,385.7621873000171,6.759541142466249e-05,5.84930438718612e-06,0.36617581542950683,0.2,192,2.6911595092495806,0.7847942208182254,0.5831023899313299,0.46916643600560737
25,3,False,296.85568440001225,0.00036330629651954496,8.085626963703964e-06,0.2979438283134319,0.2,96,1.6781850905017464,0.8768629752323621,0.5923349207817005,0.4258562476736584
26,3,False,296.91827439999906,0.00024091912808994924,3.969461303257802e-05,0.3397842638590748,0.2,96,0.9834487327520293,0.8894595660401384,0.5939883137673335,0.4207905380323181
27,3,False,414.34031790000154,0.0003233626000460825,2.6287604266570782e-05,0.37938304404870693,0.2,256,2.5025138793079527,0.8395551792770115,0.6682681535524467,0.36849499107088957
28,3,False,414.53373780002585,0.0001365135343581176,9.828580116671573e-05,0.12629409625268162,0.2,256,2.3350365359882552,0.82859679272345,0.6441511010550351,0.39497784538506936
29,3,False,414.49039329995867,0.0005620423108855648,5.870716732249207e-07,0.37694391841677566,0.2,256,1.4077163936034485,0.893305091321713,0.5928642326809189,0.42088399419360784
30,3,False,304.5855154999881,0.0004085343678609518,6.146345013573272e-07,0.39292968306976817,0.2,128,1.756870704373093,0.8905793106018814,0.6068028514278903,0.40813831590968924
31,3,False,385.7007740000263,0.00042011797833958173,1.9299319289006285e-05,0.22045414429137908,0.2,192,1.1479593063092073,0.930119424324019,0.6387213131831253,0.36797497796036616
32,3,False,414.4920943999896,0.0002788229068353789,7.527184797360571e-06,0.17075292004214748,0.2,256,1.7724691265456012,0.8999568401682501,0.6462597693536027,0.3676149950789377
33,3,False,414.3637691999902,8.78940480633334e-05,7.260378668007153e-05,0.31893894367964115,0.2,256,1.2134920685591584,0.8109737804830962,0.6036822321494708,0.43908847033243614
34,3,False,385.6465701999841,0.00017235403035781654,3.3285174477193324e-05,0.15163441632854105,0.2,192,2.01793149142363,0.8537735396265316,0.6469683301688349,0.38211717786188865
35,3,False,385.61452559998725,0.00012149023230928772,3.3674792203957026e-05,0.24393392697442687,0.2,192,2.209954452519927,0.8137098718889126,0.6327202713283818,0.4118232763270464
36,3,False,296.8167535000248,6.416459289143048e-05,3.2114335083381707e-07,0.38612955593946974,0.2,96,2.0501563739478943,0.7958990423577937,0.4910514426202427,0.5483482788970909
37,3,False,296.89304779999657,0.00024630004257030364,6.113188426606148e-06,0.3192195051350321,0.2,96,2.7281156918932203,0.8346634332723196,0.6427943492052334,0.3936140968728247
38,3,False,304.68135949998396,6.463177269173972e-05,3.165011620122544e-05,0.11331909269683627,0.2,128,2.01137150664137,0.7858108842441223,0.5282021182850277,0.5181411183249403
39,3,False,296.9857535000192,0.00010634267871367278,1.0599460560365018e-06,0.2521480233575862,0.2,96,1.102630482670714,0.8426577849541189,0.5948699380502729,0.43461125127052797
40,3,False,414.32543619995704,0.0007773952555773754,1.214209038678605e-07,0.25693263140972833,0.2,256,2.9127760868585417,0.8827275358765375,0.6833472731087318,0.33767111260702315
41,3,False,296.92172069998924,0.0001187831213036304,9.56722090284157e-07,0.2694182422314061,0.2,96,2.8026706116453184,0.8086143291126996,0.5775862774077851,0.4637475908888312
42,3,False,304.62291199999163,7.291982461534684e-05,4.3111913463808717e-07,0.1844913375946941,0.2,128,0.7656419865118109,0.8244985512636219,0.558521726224728,0.4750829661481893
43,3,False,297.0328067999799,0.0001233321677595407,3.637217336578293e-07,0.19118475645330735,0.2,96,0.6052346342085877,0.8887634362548725,0.5510096596983747,0.4625644806921443
44,3,False,296.80835900001694,0.0001815915277712443,7.977239196013274e-07,0.22287128281194613,0.2,96,2.4421089653303225,0.8367018146502311,0.6381624586850639,0.39697947509079806
45,3,False,304.8525886000134,0.00026974526486955267,4.1374506396865015e-06,0.20458727451898234,0.2,128,1.9754710048643083,0.8786006974650633,0.6294477070656503,0.3899317792317948
46,3,False,385.5260219000047,0.0006669457814230274,7.506023784335055e-06,0.37656006937674624,0.2,192,0.6099074799659072,0.9305804384488106,0.596744529216437,0.4091870602094261
47,3,False,297.0285753000062,0.0007285901367300979,2.061429410775855e-06,0.23179248212748058,0.2,96,0.7336622316448342,0.9060365284955406,0.5156131251885812,0.49341643514048306
48,3,False,385.49934739997843,0.0003425742864154263,3.826986521013536e-06,0.12320285812354573,0.2,192,2.5126753813908866,0.8872628129769037,0.6289021372685493,0.3878444237857897
49,3,False,414.65733369998634,0.0003845232732450585,1.1901176389191731e-06,0.13858614946258452,0.2,256,2.4748216721000285,0.9043048673015102,0.6782921613520041,0.3356389308017569
0,4,False,385.7540617000195,0.00048182929671158295,8.026036272969126e-06,0.17471292745472466,0.2,192,1.6021680085745111,0.9187142544116746,0.604307763838302,0.4039550942796674
1,4,False,414.7216723000165,0.0006993348961849481,2.317457384978403e-06,0.2523803022111375,0.2,256,1.3091645672516765,0.9133886320715593,0.6186614093988821,0.3910506997002853
2,4,False,296.6812477999483,6.754788164740544e-05,2.548731817464162e-05,0.21844958475403536,0.2,96,1.430527694515313,0.7906070557844653,0.5276070586406795,0.5167209073894344
3,4,False,385.9999112000223,0.00010675115567302863,9.366527644425515e-05,0.21854360443091814,0.2,192,1.2242501018196377,0.8247174096830969,0.5603881024750271,0.4732680074901647
4,4,False,296.62122999998974,9.860450783765018e-05,7.76767855011594e-05,0.28470216192324993,0.2,96,2.9474798120310846,0.7945592842182874,0.5404096364128238,0.5034175106242285
5,4,False,297.3038500000257,5.347143407290916e-05,5.286242397012443e-05,0.11741539486487584,0.2,96,0.9878182418621777,0.7884562028017856,0.5211110640699711,0.5235316524234562
6,4,False,296.73984850000124,6.803429514656576e-05,3.650638260987541e-06,0.10187388290060312,0.2,96,1.0474321934383655,0.8007430535442985,0.5414555231893621,0.49996636679319933
7,4,False,385.9389942000271,0.0005600047337960198,1.041415794713785e-07,0.14449686854301688,0.2,192,1.5620006405723044,0.9121000309904345,0.6244112145871921,0.3857373980828808
8,4,False,386.08968219999224,5.281782192847238e-05,3.0407294366037837e-06,0.3839872386573008,0.2,192,1.7164294282554504,0.7786779587308459,0.5488139696180468,0.5025457988714759
9,4,False,414.3388452999643,9.797779286048647e-05,1.0375032528497531e-05,0.2735964047357594,0.2,256,0.7273765036255824,0.8391702758777676,0.606895906199826,0.4247317138190759
10,4,False,305.0058521000319,0.00014453426260702264,5.2061126350062056e-06,0.3432140059438632,0.2,128,0.8430376119107126,0.8669986859840103,0.5951177340293612,0.4261678059491343
11,4,False,304.6457502999692,0.0006822045832960044,4.856337576091132e-07,0.16371869198525163,0.2,128,2.254639068707209,0.8933812654191364,0.6132598982530938,0.40116762190240624
12,4,False,414.5840761999716,0.00040652426145050785,3.524180844001269e-06,0.2977205758963271,0.2,256,0.5579767701075706,0.9397815093483896,0.6084957557203877,0.39610836889077267
13,4,False,297.30900519998977,7.133346098978096e-05,2.2208168696086394e-06,0.19566773874414506,0.2,96,2.468966433415026,0.7860322988974994,0.5609385085664302,0.4884231468460107
14,4,False,414.5315344000119,0.0001000113936648273,4.1767963389034927e-07,0.12505489281015028,0.2,256,1.9877351269105428,0.8071447339080919,0.6120847390094234,0.433210576242972
15,4,False,414.74759779998567,0.00013823378481448735,2.244733310627877e-05,0.3543415600173745,0.2,256,0.8594858278327662,0.859407396221626,0.6350290423585284,0.39111389665788626
16,4,False,304.92416100000264,6.915680069498716e-05,5.25514234284805e-06,0.39940448647588167,0.2,128,1.3469892666378045,0.7887526786499286,0.5238166858733488,0.5209375964837067
17,4,False,414.7379422999802,0.00012499246934495918,3.817835073004233e-06,0.19049409072706733,0.2,256,2.691903661955478,0.8063767176993984,0.6227416106356066,0.42404465306695555
18,4,False,297.26079500000924,6.244339683458289e-05,7.136305970200067e-07,0.1348744456265074,0.2,96,2.2621598695260254,0.7877515044846437,0.5161605330601153,0.5283465279692902
19,4,False,414.58548900001915,0.0002010134230808306,1.0098071956430366e-05,0.19506695656356626,0.2,256,2.7246590350640663,0.8339724079630371,0.6448396659110518,0.39205104798707724
20,4,False,414.76537489995826,0.00022328289654754865,1.1381475878514093e-05,0.32021317448834585,0.2,256,2.514755727812142,0.8223326729347216,0.652494373042534,0.39028943090176316
21,4,False,414.8865184999886,0.0001450267524730327,2.9773971416686295e-05,0.2757962270785589,0.2,256,2.8042552027265537,0.8107203196530515,0.6453493451659092,0.40199985617720363
22,4,False,441.9500274999882,0.0004896851255704982,1.8871612203906618e-05,0.23378532769347685,0.2,256,2.432908883556186,0.8753158604452708,0.6537828272712934,0.36798432758578487
23,4,False,441.8737594000413,9.158331873784499e-05,2.981085686133539e-07,0.31768567211580534,0.2,256,0.5181483701085237,0.8423812266430539,0.5792256028398134,0.4493270201312924
24,4,False,318.73577329999534,0.00013521055393062904,4.824792578336677e-06,0.32891955721168853,0.2,128,2.5541996600961725,0.8117010371920834,0.6087080584201707,0.43424173330053123
25,4,False,301.4928052999894,0.0002885812842277356,5.473363525269884e-06,0.10995753618799929,0.2,96,2.1596160925774464,0.8849273498352929,0.6055568990526258,0.4108857197578294
26,4,False,444.0592880999902,0.0001713732181518339,3.2403894974313675e-05,0.18033133340094878,0.2,256,2.00525281024367,0.831421419894782,0.658353451767039,0.3809738857058163
27,4,False,317.90972689999035,7.646917347930914e-05,2.233494890539489e-05,0.10868432745002476,0.2,96,1.4897517301492194,0.80088470739654,0.49073215810310317,0.546809504799326
28,4,False,403.77526159997797,0.00040907771064679606,2.9341670805057e-07,0.24125982966831697,0.2,192,2.7211245900666805,0.871813698855662,0.610765983453524,0.4097985449436946
29,4,False,423.6067496999749,0.0007632047697767986,1.6001464432049393e-05,0.35333908695886496,0.2,256,0.6428600288942252,0.9429232904490761,0.5620055893120941,0.4416976959041178
30,4,False,309.98157619999256,0.0001826279957967665,2.0209455487633948e-05,0.35671691209117384,0.2,96,2.324206355707566,0.8295021969198043,0.5745759316773185,0.45831772687012096
31,4,False,392.5396603999543,0.00017651284652128507,3.103560133880894e-07,0.12255210398784361,0.2,192,1.9430848849432154,0.8503049347497373,0.6127936464807522,0.41513536679732926
32,4,False,410.2599358999869,0.0006662332047864171,4.622824691457879e-07,0.199400003674354,0.2,192,0.6298587347876229,0.9602932636469348,0.6062312298560356,0.39576567467695084
33,4,False,404.24198549997527,0.00018600755404911092,2.0924973929065113e-07,0.3178052162546191,0.2,192,1.0763957047685646,0.8833878975368767,0.6423745134490785,0.37615737540509997
34,4,False,324.40327120001893,0.0001314077808705639,4.223824872019113e-06,0.3250039870422379,0.2,128,0.6006921319691658,0.8989083159120523,0.5908724384982673,0.42143195200659794
35,4,False,311.707748899993,0.00023883033663596104,1.6404389336632168e-07,0.37585711090465657,0.2,96,2.678938007226206,0.8371749941564588,0.6331186406503353,0.4013899779095226
36,4,False,328.99598389997846,0.0005168295136593066,1.9460533043012823e-06,0.3410471453676721,0.2,128,0.5378727593044365,0.9540725542682467,0.5679927511807219,0.43444170299804874
37,4,False,399.63920780003536,0.00024324536670081067,1.2574535950801928e-07,0.2790959756431659,0.2,192,0.6835423088400925,0.9290923139967694,0.6106147528620882,0.39578879547428497
38,4,False,416.6442248999956,8.995054826543006e-05,4.867140825862581e-07,0.2904670717925868,0.2,256,2.6404896414292964,0.7853993565088343,0.6195701157164287,0.4367840805739534
39,4,False,315.3805579000036,0.0002999179891654586,2.062275469566717e-07,0.33835941462024643,0.2,128,2.352504316476121,0.8624220757251384,0.6324856652906659,0.3924212933374335
40,4,False,306.7034825999872,0.00015012471983326037,6.496282523947209e-05,0.1373207287742385,0.2,128,2.9275767686191116,0.819796635550022,0.6005497189867008,0.43821658978260425
41,4,False,311.5920338999713,0.0005486670277172405,3.015605068646243e-06,0.2726434590097311,0.2,128,2.348947664967311,0.8861486282341868,0.6422735018044314,0.37540695566840726
42,4,False,425.5335773000261,5.806192620273957e-05,6.763842274853365e-07,0.17430613541465761,0.2,256,1.182670097405348,0.7846310551709496,0.5901787340367808,0.4629657141003794
43,4,False,395.3883707000059,6.860504166854733e-05,4.87167877854814e-07,0.3465363507046552,0.2,192,2.6560141552544314,0.7825976741758034,0.5661666852916174,0.48525778327053415
44,4,False,329.7487160000019,7.409257518759241e-05,3.067303605745379e-05,0.3899291541840898,0.2,128,2.020654463949498,0.7865470281688944,0.5202334233433121,0.5251077406213017
45,4,False,330.2068675000337,8.341429210751381e-05,7.308379373632419e-07,0.23617553104904643,0.2,128,2.0497296837633097,0.7983045875497208,0.5817946119829005,0.4643024725004391
46,4,False,448.4899618999916,6.40200787816525e-05,2.2041283420934492e-06,0.10427693042708555,0.2,256,2.795684950698063,0.7827720338014208,0.5586333810033867,0.4919273133942379
47,4,False,329.8261375000002,5.89312174421926e-05,8.548733309046542e-06,0.3610509892819267,0.2,128,2.9517965005857416,0.7874112605087957,0.5192894342825637,0.5256202242597184
48,4,False,314.08654769998975,0.00012834607321249774,9.14313679832797e-07,0.16180913153078308,0.2,96,0.9867568228547736,0.8582359980837536,0.5751309245557662,0.447895929327503
49,4,False,438.16922989999875,0.0002198210165860474,4.8681051868982644e-05,0.2253673289233345,0.2,256,2.670234914822109,0.8341962720152718,0.6310767934094712,0.4044690452614041
0,5,False,392.3278269000002,6.941110571599662e-05,8.383961654233045e-05,0.31862039005033194,0.2,192,1.5364990179704159,0.7836839244062022,0.5968107509762985,0.4575524178589793
1,5,False,437.40564700000687,0.0003847966837382295,5.494752627019812e-07,0.1767977293893887,0.2,256,1.3055198701736974,0.9190214705295885,0.6182287099707955,0.3902650895554883
2,5,False,328.5558747999603,8.54703919834185e-05,5.6439173737632224e-05,0.181276241012431,0.2,128,0.5130948892472565,0.8450082857047343,0.5693128437856475,0.45772683778449275
3,5,False,321.23784880002495,0.0005949434629804469,1.2242457470019798e-05,0.2659077112703646,0.2,96,1.2336495449497418,0.9243445408160044,0.6329858805781325,0.37473071979669614
4,5,False,307.80665889999364,5.155591153850733e-05,4.4812807528795064e-05,0.29692319443703385,0.2,96,1.8160097139320426,0.778991461096849,0.5366801082339234,0.5133323449523072
5,5,False,416.6014593000291,0.00024291798609766649,5.970503701846185e-07,0.15239090417594275,0.2,256,2.9220673075619508,0.8410814805664725,0.69511392720217,0.34381770344912166
6,5,False,386.92948140000226,7.615471924453261e-05,3.489507734653091e-06,0.25829554899687035,0.2,192,1.9199152212972468,0.7869396787080661,0.5907922693340298,0.46135199939505545
7,5,False,413.5703311000252,0.00015271784344574,1.7954203485997452e-07,0.2685997531329446,0.2,256,0.6475611406741715,0.9053678280071897,0.6311337176006807,0.38081174124122175
8,5,False,296.22003940003924,0.0006366030150556027,2.2453005474730153e-05,0.17574322440448253,0.2,96,2.3851346741829174,0.9155714797210782,0.6480025070915777,0.36198122886456846
9,5,False,413.51134919998003,0.0004689492638830201,4.336561733030096e-05,0.24444469519006734,0.2,256,1.8131124283803848,0.9116175207520003,0.6736278593682588,0.338127545193479
10,5,False,413.70830589998513,0.0008444744964000775,6.399110781897832e-06,0.3505887876764642,0.2,256,1.0422087984134243,0.9162628888588664,0.5719364370698685,0.43617693392785134
11,5,False,385.17283140000654,0.0001591691282036153,4.320325522694895e-06,0.2925766570796535,0.2,192,2.3950464492972463,0.8050627546192185,0.6495397530653462,0.40102732365531596
12,5,False,384.84648380003637,0.0005955901788959624,2.6883991312825082e-06,0.3589411443292809,0.2,192,0.5968826891908428,0.8848116684257036,0.5425058267921476,0.47177247720697574
13,5,False,385.09850990003906,0.0005171916495547994,2.4443561643125836e-05,0.18397578000804182,0.2,192,0.6485667263566035,0.9388705095944581,0.5907300583841645,0.41380998019316867
14,5,False,304.34186759998556,5.048638030567247e-05,6.837560187829292e-06,0.2036145386502914,0.2,128,2.9418995018291847,0.7778838551193129,0.536361597981523,0.5140974126008662
15,5,False,413.46871549997013,0.0003909298100408996,1.836721557651887e-05,0.12391363496906249,0.2,256,1.9120476561929545,0.8957211867549418,0.6674029367707499,0.34856115297106693
16,5,False,296.20375719998265,0.00032050310124114934,2.844631001241533e-07,0.25446621636912026,0.2,96,2.561069383544855,0.8638573825478233,0.6619078407244514,0.3644737582465062
17,5,False,304.1455952000106,0.00031607528353132887,3.0174851329746852e-06,0.24753696302890527,0.2,128,0.9249282261785753,0.9236168874765079,0.6213585182586003,0.3862690145146244
18,5,False,296.5129316000384,0.00022968427190875944,1.5089746257236843e-05,0.3593814661253234,0.2,96,0.8548003998235851,0.9143054212646564,0.6040670441071903,0.4051005633008249
19,5,False,304.025941000029,0.0002741276244569837,4.211110039153505e-06,0.17282705883697258,0.2,128,2.078745567529372,0.8753921143835706,0.6517288759389974,0.3698917422875393
20,5,False,296.14566799998283,5.3280129374065556e-05,1.1639718259383767e-06,0.17513379806154966,0.2,96,2.0372242362953594,0.7800964130645326,0.5516286255045699,0.49939410991120614
21,5,False,303.9156832000008,0.00035407898991845463,6.840308969107705e-05,0.3070721977662695,0.2,128,2.8624162090381855,0.8365854127872236,0.6583296469219954,0.37873864007567337
22,5,False,304.235931000032,8.252645032489234e-05,9.445627864390193e-06,0.35828891055711676,0.2,128,0.8958880650811827,0.7995684888849629,0.5699355335209176,0.4744768023579182
23,5,False,387.861607800005,0.0005985185821366942,4.011000268661947e-05,0.10260551302000426,0.2,192,2.5473135833563254,0.9176262106759714,0.6643127243444197,0.34564633399569716
24,5,False,390.58964669995476,0.00020671566135579755,2.07670494969405e-05,0.10225865464738824,0.2,192,2.700282564263149,0.8289147005429129,0.6687076080645344,0.37286033396520374
25,5,False,399.1915166999679,0.0005442336849009373,7.499028910059054e-05,0.15157731150605197,0.2,192,0.8091537541937811,0.923908684298663,0.6068050001479823,0.4004899452343201
26,5,False,438.7271130000008,0.0003450802665513508,1.60400189822426e-06,0.26455508021202995,0.2,256,1.407597305864786,0.9191445764320397,0.6779764354778475,0.33201923984598725
27,5,False,320.891920199967,0.0008785995956026224,2.7081651195547633e-06,0.24232291262234462,0.2,128,1.6234272573064186,0.8968478409004851,0.6238513939342382,0.3900360775263069
28,5,False,389.7011278999853,0.0007124964220043764,1.1673260904535269e-05,0.18447008162642506,0.2,192,2.330151913616202,0.8772605662178805,0.60367328129015,0.41489738076839183
29,5,False,305.59778890002053,0.00018514870198722296,4.463961296634077e-07,0.31557743318200404,0.2,128,2.62556409081716,0.8134734740011036,0.6575101294316973,0.3899890464399093
30,5,False,413.7329768000054,0.0008282270336702608,4.2080782182033834e-07,0.33658691520323486,0.2,256,1.6130611131999615,0.8909212096651749,0.6209562447491288,0.3944266102782507
31,5,False,413.63508939999156,7.881420518161909e-05,1.277903588486463e-07,0.2866477707981405,0.2,256,2.8994818251271623,0.7798669024208182,0.6230344632418633,0.436533614459592
32,5,False,384.31446149997646,6.699311756195895e-05,3.595603589557329e-05,0.1243207238805089,0.2,192,1.3152434320717896,0.7882408121917183,0.5825750482234343,0.46806574750444124
33,5,False,304.2123733999906,0.00012291280900147758,1.2202084963623532e-06,0.14277980077957747,0.2,128,0.5006628037309651,0.8969752026579281,0.6108984694746397,0.4025097637630085
34,5,False,413.4146510999999,0.0001946731311195693,8.050007036659462e-07,0.25295245441407443,0.2,256,1.9749549509347326,0.8445760403019553,0.6746937687855988,0.3605284334350577
35,5,False,384.84779839997645,0.0001043531416450604,2.40655227737805e-06,0.32721422414315826,0.2,192,1.952151046075336,0.791708373523383,0.6355407427487924,0.41978083788612425
36,5,False,384.85277609998593,8.416045800237006e-05,1.5881173904074564e-06,0.36526467247489325,0.2,192,2.9914511648790896,0.7840876457414487,0.6036475493532342,0.45134621949803355
37,5,False,303.844501900021,0.0005058703968548036,5.762770996958217e-07,0.3777364813847568,0.2,128,2.003481711988773,0.8679189471948602,0.5950261717231463,0.4259685505988966
38,5,False,304.24883870000485,0.0007924080195642185,2.5804896410612933e-05,0.22777149297907853,0.2,128,1.6917067361152203,0.8994815748360679,0.6284176393976846,0.3849381827101933
39,5,False,384.52418559999205,0.0001015370431813199,4.077666562716526e-06,0.383294821680378,0.2,192,2.8776811699723126,0.7890178325075399,0.6279468039877276,0.4277114163343818
40,5,False,304.2055280000204,0.00011813333666013895,4.6620097404605434e-06,0.3943046535973025,0.2,128,2.020380732293238,0.7995841757637095,0.6030644070319868,0.44466208245046024
41,5,False,303.92015489999903,5.0057450415705295e-05,8.879738593735887e-06,0.29047345583816764,0.2,128,1.4257858706803022,0.7781388447298304,0.5449148202061699,0.5062853869961061
42,5,False,413.65274099999806,0.0001541261828349101,4.7338378664309647e-07,0.15708642563960318,0.2,256,2.7963699722851425,0.8108815681897766,0.6597589381717285,0.3892682383709051
43,5,False,384.84432029997697,0.0003595970954935885,9.884658855091189e-07,0.15104947493108956,0.2,192,1.9495828781117506,0.8982607398080248,0.6647277994773914,0.3503688420902788
44,5,False,413.61695350002265,0.0006465661059930301,2.5842705637074674e-06,0.38798612806518096,0.2,256,1.1247569549036198,0.9018793647341532,0.6041958735880729,0.4077849501265123
45,5,False,384.92368309997255,6.486524658803987e-05,2.5861002850210663e-07,0.24743407933175354,0.2,192,1.518627198219864,0.781929529706192,0.5760942068149361,0.4767083505771855
46,5,False,303.9439141000039,0.0007404511334758716,7.949844813085056e-05,0.16529231144307888,0.2,128,2.984360583435856,0.8556962614319998,0.6491252758066113,0.37938982727860315
47,5,False,304.2319453000091,5.719199171514566e-05,1.2104183668299583e-05,0.1924868093062523,0.2,128,1.4499710905018541,0.7792803328224197,0.5585872374750857,0.4935204133557783
48,5,False,304.0364979999722,0.00039440426959170606,4.373121352104866e-07,0.2781097398947263,0.2,128,2.2674448708255435,0.8654917229777104,0.6473956127088157,0.3773888320081776
49,5,False,304.28468549996614,0.0008484757210995116,2.8297074804808503e-05,0.22270813583047122,0.2,128,0.6638502435856137,0.9096273710811943,0.5320351983539351,0.4766112332261348
0,6,False,413.2754190999549,5.2592650758692377e-05,4.728460893113159e-05,0.1854583502421755,0.2,256,1.6187815805346855,0.7794306765021466,0.561464860374995,0.4908807341444797
1,6,False,384.4776545999921,0.00024386413430199628,1.1790059165223526e-06,0.13369360761781296,0.2,192,1.981861022438431,0.8637729708095392,0.6556995442765551,0.3702709916985538
2,6,False,296.3498746000114,0.00013232370476813721,2.308253285977e-06,0.15613833184915743,0.2,96,1.0335998777008533,0.86104362446158,0.5895371404515698,0.4333458588373134
3,6,False,295.82859210000606,0.00024175825264320617,9.229943554583867e-06,0.27663637474363933,0.2,96,2.1983120803471046,0.8549798350107428,0.6327216052818722,0.3948724698940612
4,6,False,384.71917029999895,7.628888121924918e-05,2.3246236662016865e-05,0.11122811668730334,0.2,192,2.429923074495372,0.7903640364173863,0.5343140367609498,0.5106962439504454
5,6,False,295.9948588999687,0.00011476277309069285,9.016502802421619e-06,0.38517665158092695,0.2,96,2.232095830312237,0.802570867714864,0.5933470060145252,0.45204526299056863
6,6,False,413.31740790000185,0.0003568192063752759,5.339455965880849e-05,0.19182278999127977,0.2,256,1.9481133503758485,0.8953372546507807,0.6096567890580935,0.40413130612769066
7,6,False,304.1279586000019,0.000654049552436819,3.5735468898625657e-06,0.3184302764177328,0.2,128,2.7675510514760076,0.863427785951442,0.6398822908952239,0.38514508183410223
8,6,False,413.2094614999951,5.960171154714987e-05,1.8833404427645792e-07,0.2400312960219613,0.2,256,2.016905933400257,0.7866112476310662,0.5546008092662624,0.493877716387203
9,6,False,296.13523740001256,0.0007275929813482949,1.736634276569658e-07,0.28495172055453283,0.2,96,2.5774509515144737,0.8786284654356262,0.6295507911762825,0.3898251732772387
10,6,False,413.5360431000008,0.00042988677350678356,1.1233404548048241e-06,0.2454040020139484,0.2,256,1.6166961392845232,0.9089571210135021,0.6330618718363142,0.3780640100755685
11,6,False,384.51284719997784,6.0625443452322135e-05,1.2113954114406851e-06,0.11195370793037336,0.2,192,1.103814927766291,0.7920801293283557,0.53753602456727,0.5070538444713323
12,6,False,304.05122590000974,0.00010551747091572655,9.21699504530949e-05,0.3143838601511917,0.2,128,2.372578274024727,0.8036480207785722,0.6235205774539887,0.42460670666482664
13,6,False,303.808347000042,0.00018429169850374798,2.2099760616539648e-07,0.10863019765667195,0.2,128,1.100846925826213,0.8948714843417598,0.5924026963367439,0.4209365353091383
14,6,False,304.0797670999891,0.0001656429886341332,5.632212290354349e-05,0.1837944644947354,0.2,128,2.8376550934046763,0.8191945516742042,0.6351743812665325,0.4071711461149346
15,6,False,413.30475030001253,0.0002520042622703674,9.62605599509768e-05,0.3172326693536919,0.2,256,1.8985086397039712,0.8685309302594477,0.6471140310735716,0.3765801685744888
16,6,False,304.3106495999964,0.00014133254626701362,1.847402455066991e-06,0.1323273692210911,0.2,128,1.3214664800789087,0.8552642791147612,0.6154059940508378,0.41092697442756654
17,6,False,385.00784079998266,0.0005143543894799014,1.1179620780961471e-06,0.24034483542975,0.2,192,1.210177847322778,0.9396149211543744,0.6200948664620909,0.38467423651142657
18,6,False,384.52750450000167,0.0002988191598748784,6.235634118542075e-05,0.20088030968194887,0.2,192,2.2662381983975717,0.8697867079164625,0.634438964963812,0.38805975283706207
19,6,False,384.8377493000007,0.00015173404767153035,1.1508093712653484e-05,0.2820970652342647,0.2,192,2.770435214886963,0.8222210852778545,0.6169891470930259,0.42225899157307667
20,6,False,413.6790622000117,0.0007901569266963953,5.160451953086256e-07,0.16822872612479298,0.2,256,1.6802136416626527,0.9056835278586848,0.5955138590010907,0.41533677320624174
21,6,False,295.79051590000745,0.00016564282147928195,1.3971788195188692e-07,0.39167405707244474,0.2,96,1.7237080874371502,0.831470631775216,0.6240603332868268,0.4119863844384382
22,6,False,413.65108830004465,0.00030134166274535165,2.0233947138772564e-07,0.31847233307859646,0.2,256,1.0804030787116,0.9246541653411237,0.5825773573601988,0.424168194692669
23,6,False,295.8258828999824,0.00013220808820592526,1.439065418789668e-06,0.24909296515425464,0.2,96,0.6983030304547742,0.8857809019491392,0.5864084541176986,0.4290733843818141
24,6,False,413.580682699976,0.0008210510499792598,6.139013225616578e-05,0.12635177770657818,0.2,256,2.127729894095092,0.9006976074146691,0.5796882139444058,0.43188304281415674
25,6,False,384.8038021000102,6.905651731980808e-05,4.060184699078264e-06,0.18813378586721696,0.2,192,1.4446314999049727,0.7944739924900543,0.5003162576306763,0.5403006405245054
26,6,False,384.56277439999394,0.0004983997638134332,1.0398681671830303e-06,0.30395174334460784,0.2,192,1.4072488411070405,0.9251560219826107,0.6217593787382335,0.3855743619821662
27,6,False,304.15315389999887,6.781478710143564e-05,9.558687851658893e-07,0.3779476192036224,0.2,128,0.530164820454597,0.8089508099819762,0.5528366247608094,0.4862662615911658
28,6,False,295.7570300999796,0.0006757651459081755,1.4197334791281196e-06,0.33676196434382466,0.2,96,0.5921425520140257,0.9022791954587401,0.553907330424941,0.45667058750131245
29,6,False,413.609853699978,6.246941363920563e-05,5.49040721465053e-05,0.3541505224542737,0.2,256,1.128259416168632,0.7902779430553858,0.5374491389789243,0.5078746303965364
30,6,False,413.655264800007,0.00018789115939556118,1.1061430232892564e-06,0.15913667369865664,0.2,256,0.5108294028374791,0.9453049438960146,0.6306316067197745,0.37339598165571286
31,6,False,303.7634421000257,0.00048609259479125594,1.173062406538164e-06,0.37051154184287305,0.2,128,2.365089304825513,0.8568373887137994,0.6762058941173283,0.3540312927901184
32,6,False,296.0782990999869,8.673146766463198e-05,1.0166853334014116e-05,0.2873443517717221,0.2,96,0.6527831598335183,0.8444046700538929,0.5823255156252909,0.4457150228550941
33,6,False,384.63329279999016,0.00021596296999255217,3.2495012957677914e-06,0.1123823501974067,0.2,192,0.5821826221131126,0.9472954012369751,0.6230775614612947,0.38058941052627243
34,6,False,413.51064470002893,0.00030328574777130596,2.5592121284745413e-06,0.11909911242309526,0.2,256,1.7628899897633787,0.8968415408715815,0.6565926974817711,0.35856692975314386
35,6,False,384.88430210005026,9.11168257157235e-05,1.4252847488650602e-06,0.2761052261652376,0.2,192,2.831724535047366,0.7948918400410254,0.5799263816600131,0.46747321004203574
36,6,False,413.2934728000546,0.00018135978624382614,1.2643930402293885e-07,0.1846952645312026,0.2,256,1.799900251922999,0.8591732396536834,0.6441705958713542,0.3826836046555771
37,6,False,385.00022290000925,0.00017792181478309507,5.109173397702263e-07,0.13032435294776995,0.2,192,1.4426240155473438,0.8662093268271411,0.6262120869102619,0.39701051396660564
38,6,False,413.55143410002347,0.0008011070649188459,1.1843349498732724e-06,0.2498862889398814,0.2,256,2.894903252290406,0.8996502788225648,0.6980157857438523,0.31822088586435043
39,6,False,413.2876381999813,9.458187030027757e-05,1.4594376048376258e-06,0.3604857558798288,0.2,256,2.0115917967444683,0.7969231959423441,0.6088623570855068,0.44071401617259365
40,6,False,304.08393609995255,0.0002177419291200226,3.1648361086691055e-06,0.24961934201116762,0.2,128,0.5301009849388351,0.9345224662526116,0.5469954363286436,0.4577121826352412
41,6,False,303.84769409999717,0.0003970160960753502,4.992324983359867e-06,0.21285200658275577,0.2,128,1.785973150557285,0.9051396682111964,0.649625780717562,0.36298839662564947
42,6,False,414.39504079998005,0.00024849728523684454,7.004177643328527e-07,0.3106409772606751,0.2,256,2.060021811133559,0.864641718154591,0.6031792952044063,0.4192714350138975
43,6,False,297.819098100008,0.0007213616267585031,1.4601945604432824e-05,0.1526841725697331,0.2,96,0.9580609723675816,0.938208459510683,0.5535387033823645,0.45071707739283984
44,6,False,298.75687789998483,0.0005847273276339019,6.717496030715263e-07,0.38954701237154754,0.2,96,1.199201216265219,0.9214492871705401,0.5514379439460544,0.4553878924799816
45,6,False,300.29207710002083,0.0004211291820688849,1.8190378443102197e-05,0.27594734211819233,0.2,96,1.4187293454479604,0.8927529368466608,0.5946249432952715,0.41932191589920287
46,6,False,388.9070049999864,0.00033578650370973096,3.896963531519427e-05,0.2072759496701656,0.2,192,2.521658935731182,0.8748673198550734,0.6471808432798379,0.3743521670686291
47,6,False,417.1361385000055,7.675424429813206e-05,1.1716750493166766e-05,0.13346470813254122,0.2,256,0.8897657104441312,0.8263462459310874,0.5673988317000266,0.4661538341757239
48,6,False,307.03429740003776,0.0004590306276632903,8.266220223131506e-07,0.2116496480475758,0.2,128,0.6217949926129382,0.9425016102380314,0.6206185844716343,0.3837138559832388
49,6,False,307.16308929998195,8.78024573134115e-05,1.5751628084729385e-06,0.10477684912282394,0.2,128,1.079545171459643,0.8201183996211127,0.5608101892094702,0.4745999157786388
0,7,False,298.65842890000204,0.00011933350887662372,5.510430076715934e-07,0.3779005405177528,0.2,96,1.0260595899669145,0.8392137216758131,0.6100276670473652,0.42181826390741256
1,7,False,418.23449569998775,0.0004626170383289884,4.8830402360887594e-05,0.3164951369697915,0.2,256,1.0728455110318198,0.9198637448251634,0.646631717473807,0.3623409478501676
2,7,False,418.73604669998167,0.0008067750600895713,1.5022942556788304e-07,0.18695136595023754,0.2,256,2.0159579171036914,0.8956150314013713,0.614405518720147,0.39947381098491996
3,7,False,308.44705020001857,0.00013959731150418308,1.82977506322958e-06,0.3719498719443125,0.2,128,2.7765889761697893,0.8028543705744402,0.6305294863971295,0.4187778165370858
4,7,False,301.1447182999691,0.0005727594747417923,8.157992746547391e-06,0.3970321423509988,0.2,96,1.4826384625126154,0.8907923562073549,0.5998787058341379,0.41475698849772935
5,7,False,389.7872477999772,0.0002694699427722914,1.3559251802479266e-06,0.24410553672557184,0.2,192,2.5582531004039644,0.8559570760546986,0.6743728943668821,0.35606372443947953
6,7,False,303.34633219998796,0.00025808259427150963,1.0471633227018351e-07,0.28834641475160877,0.2,96,1.13953326492302,0.9035987844398076,0.6077379067763362,0.40393408390688323
7,7,False,391.3919064999791,0.0002976425250817838,3.116593811257937e-05,0.10305026986558322,0.2,192,2.974076780123529,0.864737795906826,0.6983410721849358,0.3305963892523292
8,7,False,418.0589525999967,0.00010954048479869083,6.066176548161471e-06,0.2568270872644972,0.2,256,2.024509215107348,0.805547711239309,0.6375786602773432,0.4112917700254122
9,7,False,392.17603600001894,0.00034246469805130687,1.9247317857922743e-05,0.1197352466328562,0.2,192,0.5132423837421164,0.9496629714592639,0.596741862310912,0.4063876745852196
10,7,False,391.917675899982,0.000511219151770465,5.001070143892688e-06,0.3775739642083856,0.2,192,2.165022308287732,0.8793547177413839,0.6857091009378583,0.33665123401608155
11,7,False,301.1408027999569,0.00010424212248599492,2.3035633451591615e-06,0.2527389149391934,0.2,96,1.7253550457277873,0.8072570909633828,0.5939422235543542,0.4494805299408193
12,7,False,389.50636300002225,0.0002887416857450617,1.0798674710462685e-07,0.21433235513318852,0.2,192,1.458040917247094,0.9165840375979964,0.6743719850050031,0.33614256935567444
13,7,False,420.12056369998027,0.0006201463745170498,3.217116231754679e-05,0.3321634041378434,0.2,256,1.5590128739293034,0.9238783956330732,0.6718760090444651,0.3368380205558495
14,7,False,309.0794154999894,0.00016503683418222235,8.01588340167212e-07,0.3391485584734104,0.2,128,1.8039080310746167,0.8390520327715514,0.6355946941131257,0.39836600647328857
15,7,False,301.94532449997496,0.00016369602923033578,3.502814217014588e-07,0.15642779392099262,0.2,96,2.5317421871487236,0.822346783603302,0.612914786741446,0.4259056557730976
16,7,False,417.98951909999596,0.00031019647615038035,2.4689534762925705e-07,0.11918718754685292,0.2,256,1.6130384415650374,0.9096101590369665,0.6809806309549297,0.33157756434239827
17,7,False,310.182049199997,7.480928322948898e-05,9.218308177658515e-06,0.19478548049490996,0.2,128,1.1252919372397288,0.8005713423283476,0.570827497807544,0.4732449958941465
18,7,False,313.7159920000122,0.00021659833204896106,5.080018275045295e-06,0.13081539366540942,0.2,128,1.3795612662538148,0.8882560010674059,0.6386790117664205,0.37820573479990766
19,7,False,428.9049333999865,0.00010259692658930575,8.113528106319522e-05,0.12093596979585369,0.2,256,1.1725407902912401,0.832510845251093,0.6357118045379136,0.40094701185010295
20,7,False,425.9087552000419,7.046746051222447e-05,5.523525262606246e-05,0.21814559378934226,0.2,256,0.8261416010238577,0.8057366277341964,0.6036548849404243,0.4413929179718117
21,7,False,390.26733529998455,0.00012442016082023856,5.624334110598683e-07,0.10018482682796424,0.2,192,2.9888807704856193,0.7987285876414572,0.6457974675649252,0.4073936860289109
22,7,False,450.53982429997995,5.4247743370361046e-05,1.0400177990779115e-05,0.32853904213246843,0.2,256,2.0076000600735497,0.7783652342119165,0.5575309892668552,0.49487452436461754
23,7,False,449.2087957999902,0.0007622953658183199,2.1682242677211017e-07,0.390074308552413,0.2,256,1.5491748034994661,0.9003195373317603,0.625171941146091,0.3878559891789011
24,7,False,417.00415160000557,0.00023881684705275106,1.3749787968732522e-07,0.21425843106472398,0.2,192,0.9932484766132716,0.929969688516822,0.6432115738338516,0.3635962397667886
25,7,False,315.5586942000082,0.0003888950434465487,3.825038829861181e-05,0.2487482386104188,0.2,96,1.3732162427465842,0.8873074124238821,0.5671394470957539,0.4472894784758195
26,7,False,441.3877814000007,0.0008642032042503412,7.818893705164563e-07,0.12688572349886634,0.2,256,2.6702482171286004,0.929548506769657,0.6882439610768228,0.3196173347981217
27,7,False,311.38811060000444,0.00032519160201685456,1.1074565849342359e-07,0.23819549959703876,0.2,96,1.2562988324441031,0.9057549086426127,0.6071614390979424,0.40398548510628685
28,7,False,402.682509700011,0.00048745916684211086,2.9621493791469903e-06,0.11640485440627196,0.2,192,2.0280369275215087,0.9236540795573995,0.6532497963609611,0.35505549325695945
29,7,False,314.862315699982,0.0003852294671399294,2.6753902344051127e-07,0.32121694973666093,0.2,96,1.2646182592557524,0.8945205927257793,0.6233767615740072,0.3911150330547307
30,7,False,323.60224129998824,0.0008495777239330383,4.7516627503706084e-07,0.26087270357663034,0.2,128,1.2498273787945444,0.889714059618331,0.5600957533100264,0.45351817483067003
31,7,False,404.89841620001243,0.00024017904639254237,1.797266062030635e-06,0.274058027934868,0.2,192,2.533826316735273,0.8517824396471371,0.6933633951639281,0.34057958339035516
32,7,False,317.66613839997444,7.524057091376748e-05,6.341219062025117e-05,0.18086657274979295,0.2,128,0.5574682532890882,0.8288500967352705,0.5801162907884745,0.4534254278806551
33,7,False,399.8943244999973,0.0004211309114745466,6.3314367937435755e-06,0.111043305068089,0.2,192,2.310341144299726,0.8920421780870846,0.6780131187504356,0.3396033613040393
34,7,False,426.106296700018,0.0003618677385641557,1.3457373692006059e-05,0.15388927826225654,0.2,256,1.0642548398213214,0.9516383515367546,0.6659564878939764,0.33752617235143356
35,7,False,308.6137275999645,0.00020374965317545158,2.510293724206304e-06,0.3165193052007085,0.2,128,1.6921375983090075,0.8479423872445737,0.6477399116410716,0.38367784331065985
36,7,False,309.45358929998474,0.00029094224016175006,3.0715625185671055e-05,0.38060364771431543,0.2,128,2.316556376202504,0.8535290466255641,0.6423267676275087,0.3865021103929477
37,7,False,299.2562927000108,0.0006872175746598956,5.123241569447943e-07,0.2434305870801861,0.2,96,1.5976387454952734,0.9018083501236257,0.6113242197467773,0.40088709415606777
38,7,False,424.8343302999856,8.35511830393024e-05,3.149443608473378e-06,0.22348572983730386,0.2,256,2.209218231334698,0.792334500643817,0.6091473365544274,0.44259548590711
39,7,False,430.6985494000255,0.00027819095309459006,1.6788691335769468e-06,0.3525092732738787,0.2,256,0.5618720835424952,0.9241774220310607,0.5923132278168861,0.4146776670414529
40,7,False,421.5621192000108,6.457522376144931e-05,2.3650542341040937e-07,0.18551055788953175,0.2,256,1.9973085497035488,0.7821926360548044,0.5848843134442647,0.46878681830166086
41,7,False,435.0178370999638,0.00011784010608101596,8.540706004555419e-06,0.11891994544340598,0.2,256,1.0217807866600321,0.8522704513775412,0.6301013931527495,0.3983076686228025
42,7,False,308.4976273000357,0.00018641778355663155,1.0496998879201823e-05,0.2521343209171809,0.2,96,2.9387706270977625,0.8235954929790111,0.6430212848239065,0.39818632973281815
43,7,False,402.2103877000045,6.374699357310063e-05,2.966157516090829e-07,0.1569110249133658,0.2,192,0.5593044856014167,0.814277672356092,0.5818505250219607,0.4575388141020181
44,7,False,317.3086018000031,8.63711033446697e-05,6.906569590267036e-05,0.14597596674773872,0.2,128,2.1968908552045074,0.7893900162206037,0.589196099951122,0.4616453287567482
45,7,False,311.908703299996,0.0004466271343415399,3.00887901049649e-05,0.15294364657170773,0.2,96,2.797524737448945,0.8835706226299138,0.6473958122889663,0.3713293862679654
46,7,False,304.09787500003586,0.00022442181874421518,1.1138524957275595e-07,0.10014088392238714,0.2,96,1.8299506858336034,0.8778058950673013,0.6460807580557393,0.3744198567099554
47,7,False,402.8832548999926,7.781053432327172e-05,2.2462279327621586e-07,0.13723791104874536,0.2,192,2.6953469942653876,0.7886259062132674,0.5908948975694792,0.4604845191305016
48,7,False,421.2056046000216,0.00026570966185682405,3.450226312575333e-05,0.3666403224297613,0.2,256,2.704937184518542,0.8381609998499936,0.6916850595757288,0.34820965589480096
49,7,False,391.9801862000022,7.921054189353206e-05,1.9466726733904168e-05,0.22868455314113878,0.2,192,1.197184168583422,0.8011682774898155,0.6055656723315795,0.44171539787470154
0,8,False,403.89067759999307,0.00020884777412135682,4.833361888983586e-07,0.1766421771271634,0.2,192,2.429734987099284,0.8378753767741246,0.6144995500398072,0.41820448392579823
1,8,False,397.77939270000206,0.00045045436316787764,8.511930051358026e-07,0.20396236136880921,0.2,192,1.8998927593053125,0.9142169679656412,0.6532573801125177,0.35719626682181727
2,8,False,422.32982500002254,0.00012376898980425783,4.61955468541504e-05,0.3023719197466792,0.2,256,1.9284326725973164,0.8179768036774613,0.6263303571971209,0.4156458179170153
3,8,False,417.3233482000069,0.0003450768131156361,1.4347494710900565e-07,0.1981171912189044,0.2,256,2.285231768585234,0.8908543130459072,0.677522658162401,0.3404473776948862
4,8,False,313.8815155000193,0.00041561634102623703,2.4279683927009943e-06,0.37939878028178453,0.2,128,1.0550984801991896,0.9217748210739589,0.6273571779405906,0.3807648243344069
5,8,False,313.68161979998695,0.00035934714389160657,4.306940854463264e-05,0.33901517898432054,0.2,128,0.812136733723982,0.9148887371458896,0.6161986365634315,0.39312518825482345
6,8,False,418.5053469000268,0.000706621434353789,1.4559048111294816e-06,0.1884788636581085,0.2,256,0.9465480058991961,0.9261564467854108,0.609618278493553,0.39730436549035425
7,8,False,416.95082609995734,9.639625865479577e-05,9.54177866138754e-06,0.2437348735128859,0.2,256,1.8507405731760547,0.8056601790116146,0.6319916296046078,0.41617079030473764
8,8,False,308.8180933999829,0.0007972788625070406,5.641270623948382e-06,0.25799922732547254,0.2,96,2.91069029650434,0.8874078426800651,0.6488675871381426,0.36874241043328176
9,8,False,314.5491499999771,9.635377171901519e-05,1.4062145771005018e-05,0.3393280322475274,0.2,96,0.5871633219535175,0.8426945060808542,0.5642005311626674,0.46332083425640125
10,8,False,313.54622620000737,5.205051460117255e-05,5.844263535946988e-06,0.21489792888205417,0.2,128,2.6008604253649112,0.7813657189235543,0.48500231483265654,0.5594850887999934
11,8,False,313.44233700004406,0.00015958734438916355,1.7614081594869205e-05,0.2678888335628279,0.2,96,1.846360962087332,0.8446101279794899,0.5741041941492899,0.45335775031179987
12,8,False,419.42349860002287,0.00020414963671463987,3.1599114621708697e-06,0.37523784476650424,0.2,192,1.717608701669174,0.8484736549401577,0.6180693961647925,0.41089076333390684
13,8,False,409.0120802000165,6.130367668730945e-05,5.5760393960722145e-06,0.3961065395067327,0.2,192,1.9824205328904185,0.7835523756437482,0.5451027206879946,0.5037669191351589
14,8,False,420.6596778999665,0.00015032927377306256,8.245585307871814e-06,0.25072857073547444,0.2,192,2.761223643091025,0.8157020541733585,0.6435313273512957,0.401292471167662
15,8,False,397.8646685000276,0.0002738201686885882,1.1209942124046634e-07,0.2110066530342965,0.2,192,2.7092212415101296,0.8576185700124099,0.5994352694969128,0.4251171308337525
16,8,False,305.9901407000143,0.000685782977143366,5.083969491130448e-07,0.2221779773311105,0.2,128,1.6453577711515708,0.9209853324563303,0.6030891887354428,0.40469928315444986
17,8,False,415.33040939999046,0.0006788354603996218,6.092713746817775e-06,0.22378399999638,0.2,256,2.095417674058626,0.9190628868697803,0.6137531791877644,0.39463581042451434
18,8,False,386.5515341999708,0.0004980236461425078,1.2915173339565457e-07,0.3203623292578819,0.2,192,2.7319118403520024,0.8758686567241293,0.6516907169079873,0.3697674229452128
19,8,False,296.63565710000694,0.00010094153091638606,1.4291823095677985e-07,0.3129229190479206,0.2,96,2.8885132993449134,0.7950579673778723,0.5682327226506484,0.4779374629854425
20,8,False,414.60891740000807,0.00011011067446321302,3.249230615098754e-07,0.1967803053459082,0.2,256,0.8508089336570447,0.8539818167170642,0.6238923023898375,0.40345794086975967
21,8,False,385.38228149997303,0.00026019092667239094,3.981198205417586e-06,0.1700569107066255,0.2,192,2.2820414615509748,0.8687861712865976,0.6682830265465544,0.3567256919857947
22,8,False,304.87728289997904,0.00010328448083387098,9.584725591194513e-06,0.2909337875390932,0.2,128,2.3607998223040267,0.8052433550075981,0.607231901548509,0.4384027029226628
23,8,False,386.0127792999847,8.376298331954954e-05,5.650830878382572e-07,0.14016391115192822,0.2,192,0.9896625301635599,0.8236451835075795,0.5877041288639715,0.4484293775567028
24,8,False,304.43113030004315,6.683387630531302e-05,1.759695039855623e-07,0.33051270167234836,0.2,128,2.9708145019830923,0.7880022008331442,0.54191221858424,0.5047647792130544
25,8,False,296.93565410003066,0.0006746161723162565,3.9444441717700005e-05,0.2152790482913319,0.2,96,2.334224569758854,0.8843279454007931,0.6086238836497887,0.4081118580298495
26,8,False,304.48339399998076,0.00017672547094309,9.571040764677592e-07,0.3254504822814719,0.2,128,1.919147040338768,0.8298125872652754,0.6024601555013935,0.4324369126442789
27,8,False,386.1404464999796,0.0001386907254393986,1.3341352454044895e-06,0.209529118080673,0.2,192,2.9303884102815516,0.8118419863928852,0.6292338009273555,0.4157775997565899
28,8,False,296.4159776000306,0.00022833322342794894,5.192337882418383e-07,0.24554157173577432,0.2,96,0.6435739505566338,0.9284181538465159,0.5587304032315921,0.44703782583903834
29,8,False,385.8200881999801,0.00032105227726217817,5.681793002040023e-07,0.15745242237864593,0.2,192,1.443849276028834,0.9186404518857346,0.646375809266462,0.36286284508241834
30,8,False,296.52758500003256,0.00021073953708808667,5.470426400639553e-06,0.3422641697571598,0.2,96,1.7226109520959028,0.8565946770913188,0.6415214313878731,0.3860983952216617
31,8,False,398.047652200039,0.0003808360904110084,1.1804550334563204e-06,0.15812895682089487,0.2,192,2.26672108506677,0.8898747603949335,0.6032646949331169,0.41173592348079874
32,8,False,307.9275116000208,0.0006105322284991094,4.836691871228789e-07,0.34050545999923476,0.2,96,1.3760471558772926,0.8982133505163018,0.6019003718648289,0.4109061157180296
33,8,False,302.43747840001015,6.887995562147106e-05,3.2365898957872887e-07,0.29737345838205725,0.2,96,1.72205833630616,0.7915115726017471,0.5399567880667854,0.5050813609754622
34,8,False,426.91468869999517,0.00029323973286466825,4.951587402977436e-05,0.21735046162133165,0.2,256,1.9612879972765993,0.894695570395761,0.6702875501522025,0.346120387262742
35,8,False,398.9771722999867,0.0003683833367498415,1.0248684924352212e-05,0.17057227619571091,0.2,192,1.00241177683882,0.916449866138666,0.644843460204045,0.3648517406126529
36,8,False,434.611466100032,5.351003269751581e-05,2.178111589085568e-05,0.1039524925915868,0.2,256,2.079398890516085,0.7818400071136092,0.5749676311269478,0.4777512920820083
37,8,False,300.5980417000246,0.00012016556698260313,1.7414588361285713e-06,0.1503946416440209,0.2,96,2.4416872223687633,0.8138269714256591,0.5948512851573143,0.445876527423481
38,8,False,305.8171228999854,0.0007662570711304903,9.626882130126964e-07,0.1694165942292346,0.2,128,1.482653825141445,0.9314936197083709,0.6316322027650714,0.374683810939804
39,8,False,416.83158280001953,9.589300347502308e-05,2.314808255507224e-06,0.34975082714344974,0.2,256,1.1479820392396316,0.8118488863506892,0.573725557764455,0.4659514370304065
40,8,False,420.3284942000173,7.483015787699295e-05,5.238741066209903e-07,0.37145508350222745,0.2,256,1.5854256093657957,0.7883923769961015,0.5668413338911801,0.4820832045804253
41,8,False,313.0331148999976,0.00029401443760569375,4.339109792901296e-06,0.31111456759733813,0.2,128,1.1743579439826741,0.9080343077483697,0.6204283387028352,0.3905538818283736
42,8,False,443.2109880000353,0.00010871482156592189,5.523241687560689e-05,0.23945571389373707,0.2,256,2.4811029568902248,0.8045714149842358,0.634465112499268,0.41449738940243835
43,8,False,400.1409209999838,0.00013649335594127394,3.8398965637725853e-07,0.3417411316001132,0.2,192,1.0976267430469908,0.8538388484777141,0.6157785577308535,0.4110829586758659
44,8,False,398.8235586999799,0.00011688306777627487,2.950849131128029e-07,0.2699579495289769,0.2,192,1.764154310402568,0.8176090521494247,0.5804851599156127,0.4574485314315266
45,8,False,315.70983309997246,6.036439933708641e-05,1.417941045250084e-07,0.2780554511676089,0.2,128,2.871988962391674,0.7863039785370676,0.545721570288474,0.5020307573149836
46,8,False,395.13189570000395,0.00057123666406792,1.220128423013073e-05,0.2766082277408428,0.2,192,0.9530327814990389,0.9215783740194393,0.5734745923244592,0.4336748491833729
47,8,False,320.0702687999583,0.00041997702555469674,9.003503489124047e-06,0.23368520747603336,0.2,128,1.4739869346223262,0.9189524751478206,0.6121541370911612,0.3962235665128545
48,8,False,442.24549729999853,0.0003824546188344401,3.535360381146135e-06,0.3776434231072169,0.2,256,1.968851411897735,0.8744690348069669,0.6410381048753139,0.38027840508474925
49,8,False,303.3318295000354,0.0005282951015200217,2.5748376830287676e-07,0.2582906868028585,0.2,96,2.727697991854678,0.8652159829357531,0.5919902510088229,0.4296960396929655
0,9,False,420.7536291000433,0.00035253080366667817,1.3618728018408235e-07,0.2029911017627777,0.2,192,1.469932406056906,0.9236056843428264,0.6100795439225473,0.39733368033980787
1,9,False,316.80189679999603,0.00027515210813453895,2.906614086297167e-06,0.15230301580723637,0.2,128,0.619314457491073,0.9373905094331609,0.6133060351996591,0.3917297164143236
2,9,False,323.8979503000155,0.00012738294476191344,7.526711610064313e-07,0.23362315088005414,0.2,128,2.2853034885297627,0.8101977835044988,0.5831613365242161,0.4580167603427662
3,9,False,323.1661138999625,0.00026914454403020725,8.268321227583519e-06,0.338559618566468,0.2,96,1.430370446803253,0.8825734942732504,0.6216217224613102,0.3961806471299931
4,9,False,310.45039660000475,0.0006070752959289124,1.3638928721536885e-05,0.2269080460689893,0.2,96,2.6071868204854667,0.8888397840960736,0.6145955208254638,0.4011149538070141
5,9,False,386.7256000000052,7.164666175032686e-05,1.6934080625826576e-05,0.3542803167094034,0.2,192,1.2921120418071792,0.7905891973743063,0.5767060088960464,0.47226124884543635
6,9,False,307.0549944000086,0.00016594165781883962,3.113551630247398e-07,0.1589227087847757,0.2,128,1.316815713174386,0.8772932078695348,0.6296916702698053,0.39010923585902935
7,9,False,296.8849113000324,0.0002677668691486184,1.0858496050514277e-07,0.16531969791941983,0.2,96,0.6855301515663077,0.9330235103556438,0.5939991499009827,0.4114882020741364
8,9,False,417.36956889997236,0.00010398152248185346,1.2183807048637937e-07,0.15234623625717666,0.2,256,2.092677065296135,0.8008295953037452,0.6147530051523282,0.43368663473299696
9,9,False,302.2204371999833,0.00023484327132462736,8.840092607762747e-07,0.1335866281597895,0.2,96,1.7882068442246108,0.8764502264719883,0.6322846496479448,0.38791638973283615
10,9,False,300.8862554000225,0.0006505297822767084,2.4263784183715004e-07,0.1626366891998116,0.2,96,2.2276908562372824,0.9174003573532111,0.6413255146686797,0.3680626134138928
11,9,False,299.5397252999828,0.0002341546341358587,2.5418815738205804e-07,0.29527309201270374,0.2,96,1.822363116847146,0.8615713975687347,0.6194300782400661,0.40496412596603604
12,9,False,301.281019200047,0.0003762961629343828,4.185345400461397e-07,0.23300076496462177,0.2,96,2.267033199774186,0.8739130158059869,0.634969800856329,0.3861929231226401
13,9,False,425.47956439998234,0.0007697051981140758,1.997781363092937e-07,0.11465119380857042,0.2,256,2.591268922703561,0.9232610807348225,0.6294091312949879,0.3784527099883458
14,9,False,317.7060639000265,0.00010403641653238403,2.2420462996918644e-06,0.36953760400261015,0.2,128,0.8783684404149166,0.8298600400038959,0.5834500023108697,0.449957227480891
15,9,False,320.6066585999797,0.00015811675220547057,2.350258604343287e-07,0.22969929392052044,0.2,128,0.536043009963091,0.911752083171567,0.5800467343457699,0.42912520335935805
16,9,False,314.1705329999677,0.000280809442537672,3.0139312775921794e-05,0.3948338074181196,0.2,96,0.716712389013237,0.9246029307977949,0.5681595085061781,0.43837304677398653
17,9,False,440.28903990000254,0.0006991716286788214,1.577744642932043e-06,0.3481621321356474,0.2,256,1.801113980295204,0.9208549715811557,0.6594930255271405,0.34958394583859287
18,9,False,319.08151310001267,0.00022744048658528745,1.1691228220963953e-06,0.3855127168385366,0.2,96,2.046283917665507,0.8366148783294036,0.6181808645441091,0.41530777765844873
19,9,False,459.48425589996623,5.8733991689427206e-05,7.261445588091608e-07,0.39851610000593385,0.2,256,2.9937474791978413,0.7769517520562097,0.5746934012283044,0.48024600349148416
20,9,False,320.6656673999969,0.0006961172603641404,3.257869813805281e-06,0.24636856577276345,0.2,128,2.1319939626261144,0.9083707785462849,0.6470241670591161,0.3646749962151569
21,9,False,320.17396949999966,0.0008364561956058464,7.770202933430916e-05,0.2521599701290655,0.2,128,1.8370931288793906,0.8865367687175605,0.6458548719019409,0.37187723324861266
22,9,False,307.6353462000261,0.0006183844047001985,1.5903726180923868e-06,0.1189262966392781,0.2,96,1.9935895524301865,0.922237736517191,0.643478152998793,0.3649038188497373
23,9,False,312.3834083999973,0.00027323269865031825,2.4497387908851907e-05,0.27752518590697095,0.2,128,0.840944138006129,0.9266182011362945,0.6349227159586758,0.37237925791786936
24,9,False,307.1987297000014,0.0005465675103242925,9.248711699422125e-05,0.13269170274620185,0.2,96,2.5045445228986,0.8937809968452166,0.6655156960421766,0.3509447623563364
25,9,False,305.78783270000713,0.00028599287353898317,3.4764536976466894e-05,0.21686529731939239,0.2,96,2.4011116188089794,0.860282145263579,0.5980638829297491,0.42552757976147454
26,9,False,321.1705122999847,0.0001609893113584236,4.160734237994498e-06,0.23351306558942744,0.2,128,2.9295438479503977,0.8226693834164871,0.5908658271095734,0.44591133536233674
27,9,False,399.65451980003854,0.00013933838872818723,3.445046347069929e-05,0.3907988143999953,0.2,192,0.9743062314164024,0.8578475366842897,0.631267493076973,0.3951847472872207
28,9,False,403.27028200001223,0.0002810211790989805,5.258070809522908e-05,0.25568497523159467,0.2,192,1.0249267277678373,0.9222081760880142,0.6419785749254557,0.36637536582030306
29,9,False,437.4292577000451,0.0005243813239319305,9.866462115349301e-07,0.32224818502746,0.2,256,1.9502204518721693,0.9151473519892459,0.6741753162917361,0.33669228739017343
30,9,False,322.1680148000014,0.0001477905669991998,5.4772180744200445e-06,0.22606135937312877,0.2,128,2.502598489440333,0.8210268636789356,0.624619951424249,0.41586243445799653
31,9,False,444.313675100042,0.00017031099632819165,5.248480802844239e-07,0.31487325304227987,0.2,256,2.200937740897987,0.8261346388426662,0.635572418660357,0.4037779412640471
32,9,False,325.8769272999489,8.897207653343158e-05,1.5883482565078312e-06,0.2418671889041912,0.2,128,1.3786409118727705,0.8042882231994055,0.6035567325041036,0.44212030480545517
33,9,False,327.4558757999912,0.00024605916978583375,1.451520330461423e-07,0.20309453878970618,0.2,128,2.945207845937429,0.8423747436258797,0.6248008929672372,0.40696448415702047
34,9,False,445.3101907999953,0.0004521633351877952,7.230588608749514e-07,0.3700230703681092,0.2,256,1.1556439607560438,0.9403656320213946,0.623378085031135,0.38131394503613775
35,9,False,444.87893479998456,7.647222899710891e-05,1.0290493737476129e-07,0.19005922207295395,0.2,256,1.1559182283038747,0.7965355037635374,0.610375812124947,0.4395506899164784
36,9,False,445.01754380000057,0.00020459204408584074,7.631841702725327e-07,0.15740171154530902,0.2,256,2.063264108196562,0.865340673271157,0.6679983658481022,0.3582711533944588
37,9,False,411.92341529997066,0.0005590044247327772,2.822277258078903e-07,0.23446282978231509,0.2,192,0.6935319132461105,0.9228597515210136,0.6147476438584023,0.39289947295466326
38,9,False,412.87412619998213,0.00010248424392382458,4.89517311001971e-06,0.13883900455003195,0.2,192,0.5992414094562946,0.8770375305191734,0.6132141430464241,0.4058608974022199
39,9,False,302.053837799991,0.0003632657519655871,2.346694460588478e-06,0.3377615949384234,0.2,96,0.6581210624277107,0.9388143100598564,0.5885688727784285,0.4159558403247445
40,9,False,390.5398867999902,0.00010185316320186904,2.2671884715659003e-05,0.390450744004028,0.2,192,2.9725913287120034,0.7904211491760265,0.6265968166140982,0.42819765538291166
41,9,False,416.98621129995445,0.00010686392327071372,6.345587633027997e-07,0.226842598781807,0.2,256,0.6864825699768904,0.8651635281644747,0.6206620723566509,0.402589291320327
42,9,False,298.8869638000033,7.230416148212603e-05,3.227316604095698e-06,0.15360158789076356,0.2,96,1.0057601998908645,0.7997188269499717,0.5580611538048053,0.4852035573392217
43,9,False,416.9488374000066,0.00032255750512196504,8.335183626431962e-06,0.26566920427760166,0.2,256,0.9783650277053886,0.9352869841774318,0.6595538930436755,0.346541954398842
44,9,False,388.5445843000198,9.53502969734966e-05,1.597012716105988e-07,0.18543751483659332,0.2,192,0.6345756504942295,0.8565858270155623,0.6170772521983021,0.40889785496724357
45,9,False,394.032974700036,0.0007391352063652185,4.2428214394667094e-05,0.14391886448589916,0.2,192,2.2883797251644076,0.9070588643951776,0.6156674688588962,0.3954106083311897
46,9,False,319.55800040002214,0.0002447837270564234,1.1320318269366782e-06,0.3560219795671151,0.2,128,1.4344486981875855,0.8854958544552464,0.6108588773139952,0.4056377851140822
47,9,False,308.5776005000225,0.00015175344615444563,6.071809274637748e-07,0.23782773599002258,0.2,96,1.8378528625265143,0.8319899884978336,0.621224640564064,0.4143647389447859
48,9,False,307.5515566000249,0.0008108170453974409,5.976764899918442e-05,0.35309713239671303,0.2,128,1.7408097577175363,0.9037998607908652,0.6287090482137516,0.38355108872508126
49,9,False,387.66879369999515,9.497567233650147e-05,3.6939318530296886e-05,0.3516991959927388,0.2,192,2.607722491365413,0.7959687482073502,0.6002517057914136,0.4488066960627372
0,10,False,387.6266937999753,0.0005397563790477569,1.1977162578030667e-07,0.1632311919793882,0.2,192,2.901635144510596,0.8704427691837443,0.6726318984431062,0.35207236468337194
1,10,False,416.19427119998727,0.0008505033743104063,3.6591730680364785e-06,0.29096600345066437,0.2,256,1.5580043760300792,0.8919591464570982,0.5046272336516047,0.5070177547916253
2,10,False,298.3947575999773,0.0007269128640380347,1.1111673059866852e-05,0.21053667739740656,0.2,96,1.5377804653562281,0.9029525435382793,0.5294360757465958,0.48046708067718136
3,10,False,298.6195411999943,0.000427293300483064,9.41296844392624e-06,0.16039504940283905,0.2,96,2.490398853755061,0.8589144284356245,0.6364520460215335,0.3899644257436513
4,10,False,416.2149491000455,0.00018115074703026554,1.6951211068105835e-05,0.1236247219965328,0.2,256,0.5500563977949628,0.9209945353038721,0.608133908868121,0.399751043564403
5,10,False,387.1333917999873,0.00018402650483110758,1.3876138406706635e-07,0.24931824885335488,0.2,192,0.8935843673331579,0.8789734974473327,0.6411855138844408,0.3786756524606561
6,10,False,387.4168860000209,0.00048680284965988953,9.881370274819309e-06,0.31606125171953214,0.2,192,1.8194661122744296,0.8855659311105704,0.6625761903314661,0.35630041180697186
7,10,False,387.62330600002315,0.00037217612091211576,1.8910577351090492e-06,0.2915730038315554,0.2,192,2.8237145046000145,0.8389803797482337,0.6680745808216348,0.36891977719113467
8,10,False,415.94763309997506,0.0006571147736991798,9.141124386317987e-07,0.30700790457402793,0.2,256,1.238452818603025,0.9135156017401698,0.5831894836597051,0.4256883339653885
9,10,False,387.5729499000008,0.0007981455033292292,1.030599246453961e-07,0.2049226420702105,0.2,192,1.5697097480522237,0.8859520732847279,0.5353158997289709,0.4784749132741945
10,10,False,416.41198560001794,0.00019181333271611704,3.675965644395384e-05,0.39531605258248603,0.2,256,0.864137837177439,0.868561749795964,0.6302645453553655,0.3924032620124014
11,10,False,387.24695700005395,0.00013483938486615076,1.2214050440661029e-05,0.15646581370570148,0.2,192,1.7807222344788465,0.8144838399912164,0.634633170829691,0.40976720889106094
12,10,False,298.7564093999681,0.00022138570104132354,1.6125619124224566e-07,0.39135470929380833,0.2,96,2.492309642319399,0.8122362434011621,0.6206251161647939,0.42329721328764236
13,10,False,387.1311878999695,5.2620087472217465e-05,3.179298208669456e-07,0.16017175906197062,0.2,192,1.5366656319664302,0.7761891839303471,0.5464492542046624,0.5057663100694538
14,10,False,298.8593075000099,9.475849552057713e-05,6.60339452874635e-05,0.25175813473695574,0.2,96,2.497051581117839,0.785736914982605,0.5922126542380799,0.4606508319375134
15,10,False,416.32555390003836,0.0005159141866026265,9.27230042886708e-06,0.1385341016186555,0.2,256,2.0611944251487744,0.8978004151701986,0.638801772791908,0.375378361760041
16,10,False,415.97202099999413,0.00014857085365141328,1.7871354106242314e-06,0.2131865777898621,0.2,256,1.3684556792258789,0.8344247022506792,0.6543769124822605,0.3832368691163094
17,10,False,387.5937012999784,7.491366206090014e-05,1.0650419925446416e-06,0.3899825691078166,0.2,192,1.5212529373250487,0.7826613179699923,0.598002447954219,0.45698811205253603
18,10,False,306.50929100002395,0.0003700066825581987,1.3290932432768658e-05,0.16237846033758097,0.2,128,0.7600550703945637,0.9431938329189947,0.6037174181311917,0.4003333927004389
19,10,False,298.8508777000243,0.00047652512326281304,1.1409908316234625e-06,0.36236631723506096,0.2,96,1.048798657456924,0.9251343622162193,0.6235920802811817,0.3837809085244087
20,10,False,306.3994677999872,6.003312376160421e-05,2.1232362642491527e-06,0.14686431745890294,0.2,128,2.0564626364350866,0.7854165534643218,0.5553813779061281,0.49369198356848326
21,10,False,416.23647180001717,0.00015919062897327887,1.4181752057025225e-06,0.365651855649045,0.2,256,2.7848040673269328,0.7977373594986082,0.6407558257185414,0.4122699995121671
22,10,False,416.37278130004415,5.2677181061289026e-05,3.229187244474446e-05,0.2223193162925339,0.2,256,0.5617659022918265,0.7897823029834276,0.5545359875228326,0.492574528930607
23,10,False,387.3047287000227,0.0003197520361263258,1.421349983629805e-07,0.237034578629783,0.2,192,1.1403396501230363,0.9147130542239769,0.6601740953249516,0.35036482216115444
24,10,False,306.679510499991,7.451100841419959e-05,4.590115717777421e-05,0.16091172158626374,0.2,128,2.674512364293659,0.7852528568739935,0.5919864413139673,0.46107634894063065
25,10,False,387.6531072999933,8.277358127808465e-05,2.1534196441630907e-05,0.2674627057358062,0.2,192,2.0990641053137216,0.7853988865738829,0.609909696520465,0.4452236322933509
26,10,False,415.99068779998925,0.0001619757001274864,2.806821829453918e-07,0.3372056603165825,0.2,256,0.5625062397105511,0.8968279215675427,0.6336759636422838,0.3805755869488773
27,10,False,416.40552620001836,0.00011173374188278219,9.94719323490991e-05,0.36794521628483334,0.2,256,2.5102144356567404,0.7884241210066829,0.6273804584043415,0.4284969957313043
28,10,False,387.70850919996155,0.0005483416498367555,2.0475011217703087e-06,0.2956421406062252,0.2,192,1.6330907938906112,0.8772214738558277,0.618121339527057,0.40113074901675705
29,10,False,298.38728439999977,0.0006639961026371246,7.902884317008897e-07,0.3849281156366763,0.2,96,1.4881615771721957,0.8905787455404536,0.6222953602373508,0.39323505162400446
30,10,False,306.70390259998385,8.443343947000465e-05,5.763991480490727e-05,0.14334987026706125,0.2,128,1.2897005508822548,0.8022439931132034,0.56064544499162,0.4818089489272926
31,10,False,298.40415729995584,0.0006998664146038943,3.650870899175671e-05,0.31130353984403025,0.2,96,2.1021470735741907,0.8650041176861964,0.6218247402428976,0.40154752562310003
32,10,False,298.7663006000221,0.0005593443989507905,1.9501245198199776e-05,0.36234099810516596,0.2,96,0.5470917296136817,0.9361911501558271,0.5598794484152118,0.44472201344855244
33,10,False,387.2199502000003,9.841454000853379e-05,1.0018671132130543e-05,0.27881864243176646,0.2,192,0.6803260475609423,0.8308512047023953,0.6175522768163102,0.4181836629030589
34,10,False,387.6790156000061,0.00011463126903913241,1.0740195570445113e-06,0.19060198832709477,0.2,192,2.1968221481133767,0.7961538285527731,0.6134685951955363,0.43698946041501324
35,10,False,387.6497192000388,0.00010631080489953193,1.689253547307834e-06,0.16469156846499255,0.2,192,2.1321834716337755,0.7902926311721735,0.6099124759595875,0.4428831188391238
36,10,False,306.4649479999789,7.758835747579535e-05,7.284739877412638e-07,0.19893267439960968,0.2,128,2.1558067242853767,0.7887085400566297,0.5710825971190189,0.47813619350470293
37,10,False,306.9024398000329,0.0003656030090728235,2.314340837543691e-07,0.10088482977985759,0.2,128,1.7930476299376281,0.893941560358827,0.6199176772007212,0.3946022867693692
38,10,False,298.48417150002206,9.274238113379205e-05,1.3397615396572743e-05,0.10879279768164256,0.2,96,2.6212930855417578,0.7936010680177572,0.5687176609126355,0.47812652627947644
39,10,False,387.60237089998554,5.039845084179714e-05,1.3560963914598137e-06,0.32665234014504174,0.2,192,1.4328671285159686,0.778474232952,0.5318348415087255,0.5179307686277819
40,10,False,387.37892710004235,0.00043664624588170373,1.2299052601618764e-06,0.2826696557991485,0.2,192,1.012140984852444,0.9260186461854605,0.6298770435732626,0.3774443582652954
41,10,False,306.8114426000393,0.0005467793064856444,1.7680472952031083e-06,0.30024156163480875,0.2,128,2.473756637182003,0.876474909997681,0.6680307385418525,0.35420620888565596
42,10,False,298.45456339995144,0.00021458210455858984,6.923663538236751e-07,0.3567646780895003,0.2,96,2.8283032931363983,0.8144418832712368,0.6198573991302494,0.4230132523691708
43,10,False,306.7717596999719,0.0003833398520373004,6.944267433142807e-07,0.1172379333631342,0.2,128,2.654904591322907,0.8620460042428263,0.6811683677562298,0.3473973440666998
44,10,False,387.8087602999876,8.972751547067362e-05,5.25435477066226e-05,0.37791866926776374,0.2,192,2.0843357437027272,0.7841632195555944,0.6017652687264091,0.4529640349797715
45,10,False,298.3770389999845,0.00029104193663766345,1.6784807927205996e-05,0.22416459829258095,0.2,96,1.8063187485376484,0.8622349655788405,0.5992388955459528,0.4237790315155895
46,10,False,387.74415500002215,0.0002748296037959513,1.6604049498093934e-07,0.23583011048176283,0.2,192,2.0664504202461274,0.8547255544917276,0.5987938445313697,0.42669783653500604
47,10,False,306.4079437000328,0.00012045670040122533,9.716565420567067e-05,0.16845185108440408,0.2,128,2.543724929294515,0.8052147633344908,0.6075655908692569,0.43811648438815204
48,10,False,298.77009100001305,0.00014829623461636693,1.0504005908639404e-05,0.1300302879349523,0.2,96,1.414086854807738,0.8438699409851136,0.583452862257549,0.44484616811817135
49,10,False,416.0462904999731,0.00013464100595048575,1.010766182280623e-07,0.1671359768075618,0.2,256,0.7997341563382089,0.8726124727276661,0.6366818577819104,0.38500344747724474
