n_shots,base_seed,sample_seed,pr_auc,roc_auc,bacc,dice_global,dice_pos_mean,miou,f1_1,f1_macro,prec1,rec1,cm_TN_FP_FN_TP,pix_specificity,pix_f1,pix_prec,pix_rec
0,-1,-1,0.5553785308012805,0.5040757637752319,0.500954064375341,0.005715104556916319,0.010835983469154249,0.47175510450038477,,,,,,,,,
10,42,0,0.5336039553681948,0.46243877551020407,0.46688775510204084,0.022943440078081127,0.008052249603224076,0.504295651671664,0.4058679706601467,0.45033523273132076,0.5060975609756098,0.33877551020408164,"[119, 81, 162, 83]",0.9999527880137796,0.022943440011854884,0.42911461162388426,0.011786822630699275
25,42,0,0.5472747664502651,0.4917755102040816,0.49295918367346936,0.010737790502422257,0.02368827900108026,0.4838759207242249,0.6478405315614618,0.4558647102251754,0.5462184873949579,0.7959183673469388,"[38, 162, 50, 195]",0.9650542358360448,0.010737790355914831,0.005828761442506628,0.06805025065648024
50,42,0,0.556966737618183,0.5005714285714286,0.5121428571428571,0.11719508038815207,0.05131009573839149,0.5296144867583453,0.4052631578947368,0.481062951496388,0.5703703703703704,0.3142857142857143,"[142, 58, 168, 77]",0.9997855919978783,0.11719508016358111,0.4835533434321052,0.0666776080210064
100,42,0,0.5685064036399025,0.5039591836734694,0.4984693877551021,0.14077261835638846,0.06221674352276082,0.5363238961912747,0.425,0.4778061224489796,0.5483870967741935,0.3469387755102041,"[130, 70, 160, 85]",0.999682453348628,0.14077261807806005,0.44246391671263957,0.0837013607066113
200,42,0,0.5684504848248102,0.49882653061224497,0.4563775510204082,0.042526522316500816,0.024355139598554496,0.5085018126573029,0.549618320610687,0.45240478872064405,0.5161290322580645,0.5877551020408164,"[65, 135, 101, 144]",0.9981703221591411,0.042526521831468544,0.05435085438335684,0.034927787061350635
400,42,0,0.5739705524799794,0.49341836734693884,0.4913775510204082,0.14061314595932328,0.06576763002239928,0.5362639656227062,0.5647058823529412,0.4902476780185758,0.5433962264150943,0.5877551020408164,"[79, 121, 101, 144]",0.9996528504000846,0.14061314567118277,0.4224646887377309,0.08434292193840885
1777,42,0,0.8785989362959941,0.8276530612244898,0.7141326530612245,0.7043346172651916,0.41987583393953287,0.7710706787187978,0.749498997995992,0.714902951683418,0.7362204724409449,0.763265306122449,"[133, 67, 58, 187]",0.9997922403080216,0.7043346167849837,0.8938587230917315,0.5811201957507671
10,42,1,0.5335577014968453,0.4595306122448979,0.47846938775510206,0.023035309187612193,0.007029691648734937,0.5043215074203308,0.4166666666666667,0.4614453665283541,0.5214723926380368,0.3469387755102041,"[122, 78, 160, 85]",0.9999574148782713,0.02303530912407672,0.45517241379284185,0.011816662687992184
25,42,1,0.5707563917860663,0.4901632653061224,0.5203061224489796,0.06938299218323793,0.02961860563237001,0.5162544899756261,0.421875,0.49156991106719367,0.5827338129496403,0.3306122448979592,"[142, 58, 164, 81]",0.9994434286305703,0.06938299187000037,0.1872212017842963,0.04258176175698194
50,42,1,0.5479902691993066,0.49438775510204086,0.504234693877551,0.023340985000866565,0.041248615907163035,0.49626961376032863,0.6772151898734177,0.4432587577274065,0.5529715762273901,0.8734693877551021,"[27, 173, 31, 214]",0.9834572524438828,0.023340984740607012,0.013765288441710394,0.07668894724277756
100,42,1,0.5481063365160043,0.49062244897959173,0.4791836734693877,0.015019284140673796,0.02979577585142486,0.4901580152665516,0.6143106457242583,0.4585748812217506,0.5365853658536586,0.7183673469387755,"[48, 152, 69, 176]",0.9754756416697392,0.015019283945588551,0.008423813346604123,0.06919909286225726
200,42,1,0.5518869375091933,0.49098979591836733,0.5121428571428571,0.046582112177440654,0.031030982611130693,0.5090628552178027,0.5373134328358209,0.5109370014535399,0.5625,0.5142857142857142,"[102, 98, 119, 126]",0.9971334553028719,0.046582111670322855,0.04661377795706084,0.046550489376938904
400,42,1,0.6332863102005358,0.5329183673469389,0.5439795918367347,0.3111612175957237,0.13928255353655133,0.590849656292853,0.40555555555555556,0.5008909853249476,0.6347826086956522,0.2979591836734694,"[158, 42, 172, 73]",0.9998817229688693,0.31116121728267904,0.8297665998577081,0.19148364764860062
1777,42,1,0.865722962552361,0.8118775510204082,0.7253061224489796,0.7173273991069596,0.4379770707110969,0.7789297507817687,0.6649616368286445,0.701218293364222,0.8904109589041096,0.5306122448979592,"[184, 16, 115, 130]",0.9998648775884387,0.717327398630254,0.928674744504756,0.5843429219384013
10,42,2,0.5374661201618838,0.46346938775510194,0.5135714285714286,0.017089006477743418,0.006416985120883141,0.5028072389338551,0.3559322033898305,0.4652795345307361,0.5779816513761468,0.2571428571428571,"[154, 46, 182, 63]",0.9999719692869633,0.01708900642858333,0.48301574150747056,0.008698376700883135
25,42,2,0.5513210399125134,0.49250000000000005,0.4888775510204082,0.010177286586678538,0.023241784256331773,0.4832659632392722,0.6433333333333333,0.4527011494252874,0.543661971830986,0.7877551020408163,"[38, 162, 52, 193]",0.9641206423920692,0.010177286443358807,0.0055132982796467335,0.06606588684650176
50,42,2,0.5508358765431669,0.49139795918367346,0.47331632653061223,0.03822735155042368,0.03029833654968106,0.5059542323325825,0.5974955277280859,0.4588686097854931,0.5318471337579618,0.6816326530612244,"[53, 147, 78, 167]",0.995260428683038,0.03822735107325571,0.030880583442789808,0.05016113630938096
100,42,2,0.5541912641786175,0.49070408163265306,0.49647959183673473,0.01447769252005156,0.030990253662576482,0.49003076023282904,0.6140035906642729,0.48417897250931363,0.5480769230769231,0.6979591836734694,"[59, 141, 74, 171]",0.975503582540747,0.014477692324744391,0.00812132698663299,0.06661792790642058
200,42,2,0.5905024420509443,0.5025714285714286,0.5066836734693878,0.11095018537170373,0.04310403259433045,0.5278680855686703,0.5369978858350951,0.5059090148599936,0.5570175438596491,0.5183673469387755,"[99, 101, 118, 127]",0.9998176206812038,0.11095018516498968,0.5069823922282323,0.062291119598948695
400,42,2,0.6254530622126471,0.5319591836734694,0.5399489795918367,0.2846280633876174,0.13836991932927345,0.5816317289774038,0.5105386416861827,0.5295673769985989,0.5989010989010989,0.4448979591836735,"[127, 73, 136, 109]",0.9998083669522205,0.2846280630667193,0.7349487418452478,0.17648901885891358
1777,42,2,0.8668028955288878,0.8156122448979592,0.7159693877551021,0.7158019523244873,0.4317883472053372,0.7780077455793676,0.6666666666666666,0.6960382513661202,0.8535031847133758,0.5469387755102041,"[177, 23, 111, 134]",0.999896412140605,0.7158019518509993,0.9436874236874007,0.5765695870135984
10,42,3,0.5335456817589946,0.4627142857142858,0.4716326530612245,0.024397336371741008,0.008488519714682338,0.5046720241215985,0.4258373205741627,0.45868137215148813,0.5144508670520231,0.363265306122449,"[116, 84, 156, 89]",0.9999588972717491,0.024397336307851538,0.4783352337511526,0.012517904034375558
25,42,3,0.5512479995300438,0.4909285714285714,0.47801020408163264,0.01081158651943433,0.02477751872977432,0.48449996159729886,0.6258503401360545,0.44868675947200076,0.5364431486880467,0.7510204081632653,"[41, 159, 61, 184]",0.9662734370900957,0.010811586368496825,0.005885530730547287,0.06631952733349149
50,42,3,0.5540555889948642,0.47024489795918367,0.5190816326530612,0.03080883931873262,0.012026863410150261,0.5063052630810836,0.3090909090909091,0.45097402597402597,0.6,0.20816326530612245,"[166, 34, 194, 51]",0.99991851327973,0.030808839225588573,0.37253545485978123,0.016068870852231795
100,42,3,0.5503813942307538,0.4901632653061225,0.4885204081632653,0.017147609298094148,0.03324897508231961,0.49201505504924115,0.6120996441281139,0.4737327488933253,0.5425867507886435,0.7020408163265306,"[55, 145, 73, 172]",0.9781087767756199,0.01714760908533588,0.009741506661979453,0.0715266173311042
200,42,3,0.6038700700033797,0.5128367346938775,0.5205612244897959,0.18453996984433713,0.07912491195055903,0.5493712787859466,0.40214477211796246,0.485405074646989,0.5859375,0.30612244897959184,"[147, 53, 170, 75]",0.999766635329767,0.1845399695686041,0.5855934907466029,0.10952793029362452
400,42,3,0.5941167416618356,0.5072551020408164,0.4770408163265306,0.1492869976671145,0.07500588991204087,0.5386565734564004,0.6437908496732027,0.4298090939013495,0.5367847411444142,0.8040816326530612,"[30, 170, 48, 197]",0.9993553834421859,0.1492869972949068,0.31385674667685215,0.09793506803532916
1777,42,3,0.8892996194822536,0.8445306122448979,0.708265306122449,0.7257916150740686,0.4619022213682836,0.7841054799812058,0.734020618556701,0.7077510500190912,0.7416666666666667,0.726530612244898,"[138, 62, 67, 178]",0.9997750804804896,0.7257916145888609,0.8912372925536344,0.6121538553353931
10,42,4,0.5350226620032004,0.46046938775510204,0.4946938775510204,0.015022784080331872,0.005025758714065646,0.5022835697549168,0.35967302452316074,0.4551711202921731,0.5409836065573771,0.2693877551020408,"[144, 56, 179, 66]",0.9999777640978315,0.015022784036715016,0.5079522862818012,0.007624134638338391
25,42,4,0.5489603309277895,0.49157142857142866,0.49704081632653063,0.011493955563197364,0.02577786737558793,0.48405880919733973,0.652317880794702,0.45902607326448386,0.5487465181058496,0.8040816326530612,"[38, 162, 48, 197]",0.9650235098621393,0.011493955416850193,0.006238592998174871,0.07292910002387096
50,42,4,0.5503971982708764,0.49098979591836733,0.4816326530612245,0.010089911134279487,0.023191625001479168,0.4834267734276588,0.6317567567567568,0.4501065662978415,0.5389048991354467,0.763265306122449,"[40, 160, 58, 187]",0.9644908813934283,0.01008991098969144,0.005470372798105744,0.06487228455478537
100,42,4,0.5467190336460013,0.4899285714285715,0.47505102040816327,0.011314365647256167,0.02564387759383844,0.4842591505983619,0.626057529610829,0.4434635474141102,0.5346820809248555,0.7551020408163265,"[39, 161, 60, 185]",0.9655224475699887,0.011314365499116295,0.006148164550159717,0.07084029601336729
200,42,4,0.6127744898589793,0.514061224489796,0.511326530612245,0.18818571533352485,0.08484995438128101,0.5504312380464422,0.5938697318007663,0.5088913876395136,0.5595667870036101,0.6326530612244898,"[78, 122, 90, 155]",0.9996503348232736,0.1881857150179343,0.4995499549954674,0.11592862258295362
400,42,4,0.6548087152307581,0.5545102040816325,0.5421938775510204,0.24458098652567992,0.11494111528201979,0.5682763711922199,0.5263157894736842,0.5346810735447891,0.5989583333333334,0.46938775510204084,"[123, 77, 130, 115]",0.9997766976370109,0.24458098621757784,0.668644180775852,0.14966280735258788
1777,42,4,0.8862510814624647,0.8275510204081633,0.7428061224489796,0.7239606817591852,0.4327727999005999,0.782988224819059,0.7568710359408034,0.7405458297210012,0.7850877192982456,0.7306122448979592,"[151, 49, 66, 179]",0.9998326243000407,0.7239606812784893,0.9150594993844683,0.5988899498686948
10,43,0,0.5469696031090573,0.4899795918367347,0.48948979591836733,0.023198823734912617,0.019329670696901634,0.5042610481264225,0.3388888888888889,0.444916142557652,0.5304347826086957,0.24897959183673468,"[146, 54, 184, 61]",0.9997495204232494,0.023198823561904645,0.1325451151213235,0.012711864406779471
25,43,0,0.5632194023255508,0.5073979591836735,0.518469387755102,0.005111945219937642,0.013196952975526147,0.469853939481056,0.6421052631578947,0.5023026315789474,0.563076923076923,0.746938775510204,"[58, 142, 62, 183]",0.9398151392443639,0.0051119451287075955,0.002683493648196586,0.05378670327046947
50,43,0,0.5545125007848419,0.4760918367346939,0.4649489795918367,0.01018666141329082,0.006017145841969014,0.500988690389957,0.5787545787545788,0.45507496379589407,0.5249169435215947,0.6448979591836734,"[57, 143, 87, 158]",0.9998431358174295,0.010186661296512148,0.09369322605759313,0.005386130341370175
100,43,0,0.5863963980311703,0.5031632653061224,0.5154591836734694,0.12665066027229657,0.06370967504929523,0.5317173932171521,0.4674698795180723,0.5011033608116677,0.5705882352941176,0.39591836734693875,"[127, 73, 148, 97]",0.9985244345163014,0.12665065979717993,0.17050505050504622,0.10074003342086266
200,43,0,0.5697622492780605,0.5108775510204082,0.49438775510204086,0.08657697316527278,0.030482668908787126,0.5209737841362094,0.6917293233082706,0.39030910609857977,0.5476190476190477,0.9387755102040817,"[10, 190, 15, 230]",0.9995449501232992,0.0865769728731976,0.25629542618014417,0.05208582000477363
400,43,0,0.5535357992229991,0.5038673469387756,0.4948469387755102,0.02387058352852109,0.013543229899844345,0.5042411967953889,0.6907993966817496,0.3938578481206105,0.5478468899521531,0.9346938775510204,"[11, 189, 16, 229]",0.99935893220233,0.023870583214620565,0.06438077755195278,0.014651468130818591
1777,43,0,0.8981715008298261,0.8520408163265306,0.7678571428571428,0.7527909237094279,0.4796473094395229,0.8011796272689303,0.7584650112866818,0.7595457047484864,0.8484848484848485,0.6857142857142857,"[170, 30, 77, 168]",0.9999268685884236,0.7527909232308507,0.9621966794380364,0.6182412270231467
10,43,1,0.5461060841554249,0.4885816326530612,0.5003571428571428,0.02539176053561483,0.01942780651420377,0.5048153404421338,0.3763440860215054,0.46423381907252875,0.5511811023622047,0.2857142857142857,"[143, 57, 175, 70]",0.999730563755138,0.025391760352445596,0.135361107106799,0.014009906899021035
25,43,1,0.565839069520666,0.5058571428571429,0.5182142857142857,0.0035519418001741525,0.008493983715164417,0.46751523877729284,0.6506024096385542,0.4968222404179826,0.5625,0.7714285714285715,"[53, 147, 56, 189]",0.935949820711247,0.0035519417138918648,0.0018592981709434247,0.03962759608498389
50,43,1,0.555833316250651,0.5096224489795917,0.5075510204081632,0.009796679367866771,0.023546317706302722,0.481144648498476,0.6401384083044983,0.4867358708189158,0.5555555555555556,0.7551020408163265,"[52, 148, 60, 185]",0.9600468005097277,0.009796679237094673,0.005265524237293058,0.0702434948675091
100,43,1,0.5752387559506222,0.4929591836734694,0.48295918367346935,0.06865394477378216,0.03386336981642003,0.5162685057328946,0.4532710280373832,0.47338876077193837,0.5300546448087432,0.39591836734693875,"[114, 86, 148, 97]",0.9998805999435073,0.06865394462867692,0.4823758519960112,0.03695691095726848
200,43,1,0.5931863964111701,0.5202551020408164,0.5122448979591837,0.11489717439541998,0.061457938077498456,0.5286964633302843,0.6655683690280065,0.47412694069774886,0.5580110497237569,0.8244897959183674,"[40, 160, 43, 202]",0.9992122201690324,0.11489717400764562,0.22713851306684468,0.07689782764382792
400,43,1,0.603616537144636,0.5075918367346939,0.4844387755102041,0.33697575439556965,0.12469779715246083,0.6000714834638945,0.6071428571428571,0.47023809523809523,0.5396825396825397,0.6938775510204082,"[55, 145, 75, 170]",0.9998864845964045,0.3369757540691991,0.8479542719614411,0.2102679637144872
1777,43,1,0.8556878011577486,0.7964693877551021,0.6904591836734694,0.6917814084965241,0.4113453650961117,0.7636717312846749,0.745697896749522,0.6916500382930171,0.7014388489208633,0.7959183673469388,"[117, 83, 50, 195]",0.9999228706181347,0.6917814080315398,0.9548953161530734,0.5423430412986312
10,43,2,0.5468534135779524,0.4896734693877551,0.5003061224489797,0.018721309675644032,0.015986559200720472,0.503135266793185,0.413265306122449,0.475708958282108,0.5510204081632653,0.3306122448979592,"[134, 66, 164, 81]",0.9997923301500505,0.018721309526253314,0.12773584905657967,0.010100859393649884
25,43,2,0.5661356756015266,0.5062857142857142,0.5155102040816326,0.003582238307345711,0.008513750014256458,0.46811761824971987,0.6422338568935427,0.49777307986632974,0.5609756097560976,0.7510204081632653,"[56, 144, 61, 184]",0.9371438661971881,0.0035822382195747162,0.0018767520989521277,0.03925459536882252
50,43,2,0.5510384669167316,0.48739795918367346,0.4916326530612245,0.055289975924213586,0.024228733960463076,0.5125027082469223,0.5531062124248497,0.49138686580321767,0.5433070866141733,0.563265306122449,"[84, 116, 107, 138]",0.9994747385776641,0.05528997562760143,0.16064891249729663,0.03339102411076579
100,43,2,0.5514035103880093,0.5000204081632653,0.5054081632653061,0.0899327560460315,0.036478895192243614,0.5218564618805279,0.5946969696969697,0.5017683743512473,0.5547703180212014,0.6408163265306123,"[74, 126, 88, 157]",0.9994635532450582,0.0899327557279727,0.23742017879947397,0.055472666507518864
200,43,2,0.5825480083836282,0.4977142857142857,0.49826530612244896,0.11955336667895344,0.06689876366634759,0.53021494888167,0.5375,0.49801829268292686,0.548936170212766,0.5265306122448979,"[94, 106, 116, 129]",0.999640497121102,0.11955336639902343,0.3734439834024604,0.07116853664358928
400,43,2,0.5890775377159516,0.5030714285714286,0.4962244897959184,0.13427183937213652,0.06436282493630234,0.534206807323001,0.6879756468797564,0.40407366034974945,0.5485436893203883,0.9224489795918367,"[14, 186, 19, 226]",0.9991708029936801,0.13427183896979974,0.24996952582177684,0.0917880162329898
1777,43,2,0.8616744334471538,0.8023469387755102,0.7192857142857143,0.6890777138854168,0.415475016224141,0.762090460270515,0.7048054919908466,0.7100186400351585,0.8020833333333334,0.6285714285714286,"[162, 38, 91, 154]",0.9999233198282795,0.6890777134211818,0.9548830447997634,0.5390307949391182
10,43,3,0.546022716698912,0.48842857142857143,0.5039285714285715,0.02510946538968175,0.01965337783402326,0.5047417193506453,0.42424242424242425,0.4813519813519813,0.5562913907284768,0.34285714285714286,"[133, 67, 161, 84]",0.9997285423094864,0.025109465205818852,0.13324727481352075,0.013860706612556489
25,43,3,0.5509176593316107,0.49318367346938774,0.4955102040816326,0.06430954268078068,0.03715144164708196,0.5147332868499238,0.5487804878048781,0.49549577154063,0.5465587044534413,0.5510204081632653,"[88, 112, 110, 135]",0.9991140228313752,0.06430954229314305,0.12749391727493353,0.04299952255908267
50,43,3,0.5505357015114856,0.48487755102040825,0.4675,0.05928431105538901,0.027212470324157873,0.5135794298742641,0.6384364820846905,0.417044327998867,0.5311653116531165,0.8,"[27, 173, 49, 196]",0.9995050602624393,0.05928431076595177,0.17788389792566944,0.03556934829314819
100,43,3,0.566064565745071,0.49228571428571427,0.47219387755102044,0.08155142570837642,0.03092272348549901,0.5192699013792517,0.592057761732852,0.45971935705690214,0.5307443365695793,0.6693877551020408,"[55, 145, 81, 164]",0.9988535707894096,0.08155142527467155,0.1335596672890805,0.058695392695153094
200,43,3,0.5732349725092782,0.513969387755102,0.5241326530612245,0.04225145599172887,0.03752263979035981,0.5071334694704033,0.6504347826086957,0.5061697722567288,0.5666666666666667,0.763265306122449,"[57, 143, 58, 187]",0.9955134238365996,0.042251455508968236,0.034808995061799644,0.05374194318453011
400,43,3,0.5863037187104833,0.5118367346938775,0.49581632653061225,0.14085173789540947,0.07538842595353419,0.5357666592893111,0.676056338028169,0.4256775714045228,0.5482233502538071,0.8816326530612245,"[22, 178, 29, 216]",0.998423901285891,0.14085173741185741,0.18065480360561909,0.11542134160897416
1777,43,3,0.8784217146073077,0.8243265306122449,0.732295918367347,0.7014716318707143,0.4321877537941446,0.7693854308808343,0.7655310621242485,0.7331491627756792,0.7519685039370079,0.7795918367346939,"[137, 63, 54, 191]",0.9998873830166941,0.7014716313995921,0.9374313666766264,0.5604111959894879
10,43,4,0.5477934097412991,0.49071428571428577,0.5016836734693878,0.023494820535187855,0.017414209802577994,0.5043370512440728,0.40414507772020725,0.4738979356855004,0.5531914893617021,0.3183673469387755,"[137, 63, 167, 78]",0.9997495204232494,0.0234948203619605,0.1340270228296111,0.012875984721890473
25,43,4,0.5628256453643741,0.5063367346938775,0.519795918367347,0.0039494735524099045,0.009526809016052558,0.46837644953603474,0.6541095890410958,0.49698943504342374,0.5634218289085545,0.7795918367346939,"[52, 148, 54, 191]",0.9374674322645007,0.003949473464241968,0.002069618615240908,0.04307412270231494
50,43,4,0.5537628511320927,0.508,0.5195918367346939,0.014693485973422836,0.02928602804943007,0.4879658808704713,0.6469565217391304,0.501256038647343,0.5636363636363636,0.7591836734693878,"[56, 144, 59, 186]",0.9712187915743989,0.014693485801701628,0.008109049532080892,0.07815111005013013
100,43,4,0.5545168881380531,0.475969387755102,0.468265306122449,0.07342727300035118,0.027048955617895176,0.517604404606404,0.524390243902439,0.46822527270498837,0.5222672064777328,0.5265306122448979,"[82, 118, 116, 129]",0.9999828850934824,0.07342727290634504,0.8708474576268235,0.03832955359274232
200,43,4,0.5710222869637728,0.4894081632653061,0.5134183673469388,0.16076502875136872,0.060704775732390734,0.5422555559510316,0.463768115942029,0.4986907806600901,0.5680473372781065,0.39183673469387753,"[127, 73, 149, 96]",0.999827054094245,0.1607650285137755,0.6167247386758967,0.09242957746478735
400,43,4,0.5907373906030142,0.508,0.5045918367346939,0.1881288566989947,0.07799326789622404,0.5503918901010254,0.556910569105691,0.5045859378191772,0.5546558704453441,0.5591836734693878,"[90, 110, 108, 137]",0.9996011912334304,0.18812885636926563,0.47025478847183777,0.11758474576271011
1777,43,4,0.8685081121850347,0.8122448979591836,0.6938265306122449,0.7045778552221412,0.44510609373754384,0.7712379547957945,0.758364312267658,0.6945230652247381,0.6962457337883959,0.8326530612244898,"[111, 89, 41, 204]",0.9998881915949548,0.7045778547503854,0.9382336154055901,0.5640964430651623
10,44,0,0.5601817088898677,0.5014693877551021,0.5138265306122449,0.06361395643801958,0.027636439686888274,0.5147328144542985,0.49074074074074076,0.5051956978812874,0.5668449197860963,0.4326530612244898,"[119, 81, 139, 106]",0.9994993552936001,0.06361395614442099,0.1872675563333926,0.03831463356409587
25,44,0,0.5555929336761889,0.5052755102040816,0.49887755102040815,0.008651013615851137,0.020661306046709724,0.47490855299951273,0.6476510067114094,0.46668264621284755,0.5498575498575499,0.7877551020408163,"[42, 158, 52, 193]",0.9480938576082902,0.008651013511828802,0.0045752574282246225,0.07924027214132133
50,44,0,0.5655634074357723,0.49604081632653063,0.47525510204081634,0.08187242918623636,0.03512468288600428,0.5195670715033106,0.5518590998043053,0.4738187319602001,0.5300751879699248,0.5755102040816327,"[75, 125, 104, 141]",0.9992925838639404,0.08187242882860546,0.18323738395310496,0.05271246120792473
100,44,0,0.5986767198389705,0.5232551020408163,0.5079591836734694,0.07561948865614539,0.039759719048909604,0.5179667818964526,0.5759368836291914,0.507289590639661,0.5572519083969466,0.5959183673469388,"[84, 116, 99, 146]",0.9995012868972228,0.07561948835660658,0.21662432966411116,0.04580448794461617
200,44,0,0.5757572000720649,0.5311938775510204,0.5062244897959183,0.1510031463331937,0.05717533486230033,0.5389720972800155,0.40932642487046633,0.478472736244757,0.5602836879432624,0.3224489795918367,"[138, 62, 166, 79]",0.9989453893430104,0.15100314589272595,0.23943890112737334,0.11027393172594727
400,44,0,0.5772805446328619,0.5060816326530612,0.4970918367346939,0.1315189774061409,0.052720709042350974,0.5337088253565466,0.5535353535353535,0.4970208413246388,0.548,0.5591836734693878,"[87, 113, 108, 137]",0.9998064353485978,0.13151897718023778,0.5381564844586776,0.07491346383384943
1777,44,0,0.8921236754349722,0.847734693877551,0.7591836734693878,0.630989593641129,0.34821767612379423,0.7296180907925676,0.7635574837310195,0.7547391148258827,0.8148148148148148,0.7183673469387755,"[160, 40, 69, 176]",0.9999023417145165,0.6309895931906043,0.9361864506281281,0.47585939365002866
10,44,1,0.5604653033332948,0.5007551020408163,0.5131632653061224,0.06450735567975638,0.028235939297994558,0.5149695970209076,0.48,0.5023655913978495,0.5666666666666667,0.4163265306122449,"[122, 78, 143, 102]",0.9994943241399782,0.06450735538412207,0.1881580845232808,0.03892635473860052
25,44,1,0.5717198184169828,0.5064591836734693,0.4966326530612245,0.007878591138607468,0.017873910556034166,0.47459611597502843,0.6382252559726962,0.4704284174600323,0.5483870967741935,0.763265306122449,"[46, 154, 58, 187]",0.9478771586344299,0.007878591034932124,0.004165894251168919,0.07242181904989149
50,44,1,0.5641317527632825,0.5062755102040816,0.4938775510204082,0.007881858113013201,0.01846872066356698,0.4740669507276776,0.6454849498327759,0.459728776286251,0.546742209631728,0.7877551020408163,"[40, 160, 52, 193]",0.9468101497774434,0.007881858011196155,0.004163074788166772,0.07385414179995115
100,44,1,0.5869348466847641,0.5094897959183673,0.5027040816326531,0.073085406815782,0.026549332626953574,0.517486804719112,0.5846153846153846,0.5004158004158005,0.5527272727272727,0.6204081632653061,"[77, 123, 93, 152]",0.9999302825855242,0.07308540669287113,0.6262942451238559,0.03880699450942888
200,44,1,0.587132764369259,0.49649999999999994,0.4816836734693878,0.1504615989083632,0.070237491082172,0.5387377793364156,0.525879917184265,0.48161317726535113,0.5336134453781513,0.5183673469387755,"[89, 111, 118, 127]",0.9987810233510215,0.15046159845010892,0.22014024600528165,0.1142874194318436
400,44,1,0.6064728986055397,0.5056734693877551,0.4889285714285714,0.22651225425018573,0.1325973418294167,0.5622521178730377,0.5417515274949084,0.4889208765294091,0.540650406504065,0.5428571428571428,"[87, 113, 112, 133]",0.999313247530602,0.2265122538404577,0.4074648269446763,0.1568542611601791
1777,44,1,0.8833702772804719,0.8336122448979592,0.6655612244897959,0.6719597321841306,0.40441786707664024,0.7522145088970194,0.7628865979381443,0.6574173249430981,0.658753709198813,0.9061224489795918,"[85, 115, 23, 222]",0.9998699985840896,0.6719597317182864,0.9243813853831643,0.5278258534256307
10,44,2,0.5606206082454666,0.5023877551020408,0.5111224489795918,0.06717368364728148,0.029634955556157735,0.5156547076243618,0.47641509433962265,0.5000101222771075,0.5642458100558659,0.4122448979591837,"[122, 78, 144, 101]",0.999431749166805,0.06717368333187025,0.17958363058562943,0.04131355932203328
25,44,2,0.5709219854305602,0.5066530612244898,0.4911734693877551,0.0076011492945672575,0.017390267186018885,0.47412723579181704,0.6372881355932203,0.46197740112994345,0.5449275362318841,0.7673469387755102,"[43, 157, 57, 188]",0.9470813828628846,0.007601149192270367,0.004015938626312257,0.0708701360706602
50,44,2,0.5660033959904551,0.5064081632653061,0.4877551020408163,0.007766937743506578,0.017848272043831496,0.4740281385823925,0.6386554621848739,0.45492095143142,0.5428571428571428,0.7755102040816326,"[40, 160, 55, 190]",0.9467933942390416,0.007766937641712546,0.0041023200515922,0.07279481976605286
100,44,2,0.5752415828608956,0.527408163265306,0.5161734693877551,0.06555007653084015,0.023387738011774788,0.5154659332637198,0.44776119402985076,0.4964215806214828,0.5732484076433121,0.3673469387755102,"[133, 67, 155, 90]",0.999944522547115,0.06555007642210252,0.6519165727168399,0.0345100262592499
200,44,2,0.5831988309396541,0.5177142857142857,0.5046428571428572,0.16297921777251867,0.05133084614947444,0.5429071874549455,0.5338983050847458,0.5037912578055308,0.5550660792951542,0.5142857142857142,"[99, 101, 119, 126]",0.9998143414471466,0.16297921752839467,0.6043461612099746,0.094190140845069
400,44,2,0.6037179242358685,0.5370204081632652,0.5201020408163265,0.20661012504145965,0.11137244750042351,0.5559769899400132,0.6292947558770343,0.510493075267894,0.564935064935065,0.710204081632653,"[66, 134, 71, 174]",0.9993252863624831,0.20661012464092865,0.386237332461573,0.14102411076629057
1777,44,2,0.896568363881757,0.8540816326530613,0.7137755102040817,0.7096608380402069,0.4139606125500737,0.7742804968269008,0.7818181818181819,0.7144385026737968,0.7049180327868853,0.8775510204081632,"[110, 90, 30, 215]",0.9998533778087314,0.7096608375640752,0.9221392619450652,0.5767635473860023
10,44,3,0.5600750407085863,0.500734693877551,0.49683673469387757,0.06726507785087248,0.029942217508437816,0.5157282704471112,0.45083932853717024,0.48334778266181977,0.5465116279069767,0.3836734693877551,"[122, 78, 151, 94]",0.9995335851066353,0.06726507756601882,0.20601055287908496,0.040194557173549174
25,44,3,0.5431368627030873,0.48830612244897953,0.49295918367346936,0.06154163572228463,0.055014498866334256,0.5107793891233192,0.6478405315614618,0.4558647102251754,0.5462184873949579,0.7959183673469388,"[38, 162, 50, 195]",0.9924596034300968,0.06154163531825348,0.04253462319468821,0.11125865361661327
50,44,3,0.5645521153999637,0.5056122448979592,0.5111734693877551,0.1110548309597182,0.044426256783154545,0.5278236877081551,0.44554455445544555,0.49231960233060346,0.5660377358490566,0.3673469387755102,"[131, 69, 155, 90]",0.999660352209503,0.11105483069168016,0.36706847480325067,0.0654243256147042
100,44,3,0.5683535892027243,0.5176938775510205,0.5137244897959183,0.06321408901572989,0.02164462600265542,0.5148338232717682,0.412532637075718,0.48437282741359866,0.572463768115942,0.3224489795918367,"[141, 59, 166, 79]",0.9999305970326255,0.063214088901353,0.5915939730371156,0.03339102411076579
200,44,3,0.6155900210412018,0.542530612244898,0.5368367346938775,0.08411681505554933,0.03464931419602336,0.5204732710558202,0.4688279301745636,0.516622554044337,0.6025641025641025,0.3836734693877551,"[138, 62, 151, 94]",0.9999075974732109,0.08411681491164494,0.5958742632611795,0.04525244688469734
400,44,3,0.6096299189256627,0.5262040816326531,0.5175,0.25144378045433335,0.10803116000428492,0.5705646347517834,0.5821782178217821,0.5170631348849171,0.5653846153846154,0.6,"[87, 113, 98, 147]",0.9998825764681445,0.25144378017811947,0.7929996832435229,0.14940916686559813
1777,44,3,0.9251611594502573,0.899469387755102,0.8139795918367347,0.7147475888223719,0.4207396643502372,0.7773546751401288,0.7953488372093023,0.8020222446916077,0.9243243243243243,0.6979591836734694,"[186, 14, 74, 171]",0.9998411143717778,0.7147475883441432,0.9173153797601301,0.5854619240868855
10,44,4,0.5602809132451467,0.5013469387755101,0.5136224489795919,0.06535820387832565,0.029033287541091343,0.5151723621677088,0.47754137115839246,0.5021539832237358,0.5674157303370787,0.4122448979591837,"[123, 77, 144, 101]",0.9994419013160779,0.0653582035667223,0.17765422292823818,0.040045356887084625
25,44,4,0.5520962283586596,0.4942142857142857,0.5083673469387755,0.07566125720080938,0.03532250853521483,0.5175324564056044,0.4908256880733945,0.5009194519662127,0.5602094240837696,0.43673469387755104,"[116, 84, 138, 107]",0.9985710176083189,0.07566125673831323,0.10886068857326642,0.05797923132012327
50,44,4,0.5649047136134613,0.5069489795918367,0.5,0.008131360533007259,0.01912816467942024,0.4739436832722057,0.6522462562396006,0.46453143261807023,0.550561797752809,0.8,"[40, 160, 49, 196]",0.9464286805224638,0.00813136043185068,0.004293196427512857,0.07671878730007047
100,44,4,0.6104068186332314,0.5418571428571429,0.5098469387755102,0.09447483589859855,0.03606830811303673,0.5233067904781474,0.5469728601252609,0.5094961624227278,0.5598290598290598,0.5346938775510204,"[97, 103, 114, 131]",0.9998813186797391,0.0944748357333733,0.5666010498686734,0.0515337789448548
200,44,4,0.5818093326595222,0.5205612244897959,0.513469387755102,0.07713908161164604,0.028258587484301108,0.5185569037187893,0.5548654244306418,0.5133049480875568,0.5630252100840336,0.5469387755102041,"[96, 104, 111, 134]",0.9998732328971324,0.07713908145609794,0.4982219061165543,0.041805920267366285
400,44,4,0.5976628304738314,0.5095510204081632,0.49831632653061225,0.18015504285157538,0.06894538962111181,0.5481020448084997,0.5130434782608696,0.49605662285136504,0.5488372093023256,0.4816326530612245,"[103, 97, 127, 118]",0.9999051717384289,0.18015504263283985,0.764265773310914,0.1021126760563365
1777,44,4,0.8992633346405373,0.8515510204081632,0.7514285714285714,0.6954208766675709,0.4117649389772999,0.7657910129261131,0.7663157894736842,0.749422954977806,0.7913043478260869,0.7428571428571429,"[152, 48, 63, 182]",0.9998381945058366,0.6954208761930776,0.9126787878787658,0.5617092384817295
10,45,0,0.5498682637578847,0.5006122448979592,0.4995408163265306,0.060767990824510704,0.03611098790199173,0.5137628411609418,0.46588235294117647,0.4888551549652119,0.55,0.40408163265306124,"[119, 81, 146, 99]",0.9990657327408072,0.06076799042933152,0.11685774946920947,0.04105991883504355
25,45,0,0.5600730577716244,0.48855102040816323,0.5092857142857143,0.006243677974119347,0.010210565523225435,0.46662254922548246,0.6655737704918033,0.4685011709601874,0.5561643835616439,0.8285714285714286,"[38, 162, 42, 203]",0.9327090839634853,0.006243677891745819,0.0032610633954450225,0.07312306039627486
50,45,0,0.5582537260050018,0.48597959183673467,0.5052040816326531,0.006819958312267575,0.011561243236064911,0.46755940575894095,0.6611842105263158,0.4653438783128033,0.5537190082644629,0.8204081632653061,"[38, 162, 44, 201]",0.9342832061529571,0.006819958228116387,0.003565648805047894,0.07810634996419076
100,45,0,0.5519470925096696,0.49973469387755104,0.4946938775510204,0.09142035955876937,0.03528800419916275,0.5224772106640256,0.35967302452316074,0.4551711202921731,0.5409836065573771,0.2693877551020408,"[144, 56, 179, 66]",0.9999084958935005,0.09142035940940672,0.6188961646397345,0.049355454762472405
200,45,0,0.5592007929228153,0.4917244897959183,0.4956122448979592,0.09780544828662467,0.04502341321536473,0.5241442265945679,0.5,0.4920091324200913,0.5458937198067633,0.46122448979591835,"[106, 94, 132, 113]",0.9997031170152897,0.09780544804248652,0.3642135642135292,0.05648722845547779
400,45,0,0.5544038780910691,0.5030612244897958,0.5063265306122449,0.13971166766562515,0.06245219658832161,0.5359591683493782,0.48735632183908045,0.4986232158645951,0.5578947368421052,0.4326530612244898,"[116, 84, 139, 106]",0.9995589654798175,0.1397116673490247,0.37019693373530244,0.08610348531869053
1777,45,0,0.8709792604877803,0.8204285714285713,0.7195918367346938,0.7150046253495375,0.43559139796665736,0.7775218355686401,0.7515151515151515,0.7200613732259302,0.744,0.7591836734693878,"[136, 64, 59, 186]",0.9998908419348091,0.7150046248756966,0.9408413672217125,0.5765994270708913
10,45,1,0.5522296267760349,0.5007142857142857,0.5051530612244898,0.0184722851171532,0.01827473046134519,0.5029619475149367,0.5066666666666667,0.5010606060606061,0.5560975609756098,0.46530612244897956,"[109, 91, 131, 114]",0.9995702406544524,0.018472284873844627,0.06944849722788936,0.010652900453568712
25,45,1,0.5515808871394456,0.4892755102040816,0.48086734693877553,0.016297788231166965,0.027827327098013218,0.4952914840141803,0.47874720357941836,0.4763939178167972,0.5297029702970297,0.43673469387755104,"[105, 95, 138, 107]",0.9851809166905646,0.016297787949839992,0.009788295467848077,0.04865421341608903
50,45,1,0.5483020521860353,0.4955612244897959,0.4853571428571429,0.0381227150702757,0.01756587456621576,0.5077596888128544,0.37037037037037035,0.4527633101851852,0.5263157894736842,0.2857142857142857,"[137, 63, 175, 70]",0.9990091771835746,0.03812271467302064,0.07276778207499274,0.02582656958701322
100,45,1,0.548570445782559,0.48146938775510206,0.5067857142857143,0.07221116793350364,0.027915169402799665,0.5170790586507288,0.32558139534883723,0.45033648522020614,0.5656565656565656,0.22857142857142856,"[157, 43, 189, 56]",0.9995725765472055,0.07221116765858215,0.23154579227909614,0.042775722129385844
200,45,1,0.5668417536072843,0.5028265306122449,0.49270408163265306,0.12353962128431031,0.042620956897735596,0.5314026409240319,0.31213872832369943,0.4373193641618497,0.5346534653465347,0.22040816326530613,"[153, 47, 191, 54]",0.99975684254861,0.12353962104397813,0.4683755647220125,0.07115361661494284
400,45,1,0.5583515035257818,0.500826530612245,0.5021428571428571,0.11692807226254769,0.05929912839617048,0.5289271717740699,0.53276955602537,0.5013967684203589,0.5526315789473685,0.5142857142857142,"[98, 102, 119, 126]",0.9984777615822547,0.1169280717857354,0.15605309690433702,0.09348889949868563
1777,45,1,0.8804551308708057,0.8283265306122449,0.7470408163265306,0.7140937607172991,0.4653022221156529,0.7769695868819781,0.7132530120481928,0.7313633481293595,0.8705882352941177,0.6040816326530613,"[178, 22, 97, 148]",0.9998940313268374,0.7140937602439634,0.9423072219912216,0.5748687037479026
10,45,2,0.5538054078180439,0.5038673469387756,0.5169387755102041,0.0571035273982552,0.03153009968144553,0.5128546135149915,0.5283842794759825,0.5141921397379913,0.568075117370892,0.49387755102040815,"[108, 92, 124, 121]",0.9992066050422221,0.05710352703199224,0.12351744330305575,0.03713595130102594
25,45,2,0.5597280167947299,0.4865102040816327,0.5088265306122449,0.006705787978126093,0.011091902608774146,0.4664872681964706,0.6666666666666666,0.46642685851318944,0.555858310626703,0.8326530612244898,"[37, 163, 41, 204]",0.9321877306694094,0.006705787896350723,0.003501237381121965,0.07913583194079614
50,45,2,0.5420485672689874,0.4823877551020408,0.47974489795918374,0.009496634889148522,0.02192651804308502,0.48196826569541523,0.576271186440678,0.47476511968273455,0.534965034965035,0.6244897959183674,"[67, 133, 92, 153]",0.9618651133339227,0.009496634753026877,0.00512128179706598,0.06520052518500738
100,45,2,0.5424679919921636,0.4829489795918367,0.5029591836734694,0.00836290341198461,0.018212845860695354,0.47311805334724344,0.6521739130434783,0.4699225729600953,0.5524079320113314,0.7959183673469388,"[42, 158, 50, 195]",0.9446424862236232,0.00836290331376799,0.004407870181113695,0.08140367629505726
200,45,2,0.5445603772454921,0.48759183673469386,0.46852040816326535,0.018415402573919097,0.032190749064024464,0.49396650942010284,0.5114345114345115,0.46843119214757356,0.5211864406779662,0.5020408163265306,"[87, 113, 122, 123]",0.9813895830682994,0.018415402334030787,0.010681408427160793,0.06673728813559222
400,45,2,0.5705563965347473,0.5007959183673469,0.49025510204081635,0.23972742924790544,0.11566204489493856,0.5666791058042185,0.5584158415841585,0.4895975311816896,0.5423076923076923,0.5755102040816327,"[81, 119, 104, 141]",0.9997268353109361,0.23972742892715243,0.6208143667767898,0.14854380520410376
1777,45,2,0.8826349961188078,0.830734693877551,0.7524489795918368,0.7433805794218147,0.4661169752782705,0.7951485920543739,0.7331786542923434,0.7413169959914876,0.8494623655913979,0.6448979591836734,"[172, 28, 87, 158]",0.9998864396753899,0.7433805789417319,0.942115265724797,0.6138845786583819
10,45,3,0.5514670624006097,0.49946938775510197,0.517704081632653,0.0458952570028838,0.030496503093412945,0.5100309562112286,0.48470588235294115,0.5068690702087286,0.5722222222222222,0.4204081632653061,"[123, 77, 142, 103]",0.999493470640703,0.04589525671723543,0.14022112085397329,0.027437932680830335
25,45,3,0.5514533096966305,0.49648979591836734,0.4942857142857143,0.04098215864051131,0.017057661408214197,0.5086361506521452,0.3209169054441261,0.44141963571651777,0.5384615384615384,0.22857142857142856,"[152, 48, 189, 56]",0.9992744806951042,0.040982158296613516,0.09725560337599366,0.025960849844831314
50,45,3,0.5423724047938375,0.47575510204081634,0.4883673469387755,0.06159454449303297,0.02953380139616475,0.5138816373459368,0.3267605633802817,0.4400157957088324,0.5272727272727272,0.23673469387755103,"[148, 52, 187, 58]",0.9988545590517282,0.0615945440648856,0.1033791624178029,0.04386488422057705
100,45,3,0.5589556819103931,0.48241836734693877,0.48132653061224495,0.008151470998339785,0.018866637257897122,0.47490730392496056,0.5805243445692884,0.4756554307116105,0.5363321799307958,0.6326530612244898,"[66, 134, 90, 155]",0.9483580380944577,0.008151470893818461,0.004312330893230183,0.07428682263069834
200,45,3,0.5515807474323073,0.5075408163265305,0.49198979591836733,0.07237899873770058,0.028887478868372854,0.5172753228080071,0.3398328690807799,0.44675259273248036,0.5350877192982456,0.24897959183673468,"[147, 53, 184, 61]",0.9998871134906072,0.07237899859288789,0.5095628415299551,0.03895619479589343
400,45,3,0.5945866706331729,0.5239387755102041,0.5063265306122449,0.2505449416679231,0.11586180511786014,0.570166110185333,0.5916030534351145,0.503451799941601,0.5555555555555556,0.6326530612244898,"[76, 124, 90, 155]",0.9996398233058847,0.25054494131740196,0.5727151612043393,0.16034554786344948
1777,45,3,0.866590864975756,0.8094081632653061,0.6827040816326531,0.7575623815356065,0.5136369510572784,0.8042408989046312,0.7486033519553073,0.6830835456660389,0.6883561643835616,0.8204081632653061,"[109, 91, 44, 201]",0.9997865802601968,0.7575623810463264,0.9020715242708255,0.6529601336834469
10,45,4,0.5529298362924073,0.5046530612244897,0.5079081632653061,0.046649509734429544,0.026264338549160653,0.5099747057325861,0.4931506849315068,0.5010001212268154,0.5595854922279793,0.44081632653061226,"[115, 85, 137, 108]",0.9989704552690912,0.046649509327863624,0.08569034986236543,0.03204822153258486
25,45,4,0.548717457705274,0.4944387755102041,0.49372448979591843,0.010253241816654511,0.021815784777305565,0.48485240699277726,0.5333333333333333,0.4934959349593496,0.5446808510638298,0.5224489795918368,"[93, 107, 117, 128]",0.967278230342025,0.010253241661816636,0.005595690540156819,0.06115719742181813
50,45,4,0.5498754609758973,0.48437755102040814,0.5088265306122449,0.007242277953872056,0.012599620466329613,0.4671832929525592,0.6666666666666666,0.46642685851318944,0.555858310626703,0.8326530612244898,"[37, 163, 41, 204]",0.9332987171995737,0.00724227787087327,0.003783972728559666,0.08414896156600495
100,45,4,0.5568318605578236,0.5028163265306123,0.4995918367346939,0.02150252582480593,0.010333612894498276,0.5039462314941927,0.5546558704453441,0.4995501574448943,0.5502008032128514,0.5591836734693878,"[88, 112, 108, 137]",0.9999934864529001,0.02150252578495278,0.8342857142847608,0.010891620911911988
200,45,4,0.5769103526944649,0.5124285714285715,0.5001020408163266,0.17916717848938502,0.06924926164198895,0.5477023545175067,0.5296610169491526,0.49928026924012653,0.5506607929515418,0.5102040816326531,"[98, 102, 120, 125]",0.9996813752442805,0.1791671781883301,0.5069512025580073,0.10881176891859469
400,45,4,0.5660362401135,0.4948163265306123,0.4951020408163265,0.13997141759000756,0.0648128300297017,0.5362243335088176,0.5274261603375527,0.49448231093800715,0.5458515283842795,0.5102040816326531,"[96, 104, 120, 125]",0.9999705767355144,0.13997141743269043,0.886047320807083,0.07598770589639418
1777,45,4,0.88259498679028,0.8301428571428571,0.7275,0.7253541279177516,0.45193439405791613,0.7838426391879094,0.7686274509803922,0.7290505675954593,0.7396226415094339,0.8,"[131, 69, 49, 196]",0.9998093552145392,0.7253541274350314,0.905267857142837,0.6050966817856199
10,46,0,0.5492190716528245,0.49228571428571427,0.4929081632653062,0.05940375820990518,0.028858189941591342,0.5137764849272878,0.4864864864864865,0.48763786207732396,0.542713567839196,0.44081632653061226,"[109, 91, 137, 108]",0.999846909182646,0.05940375805539292,0.38749101365916827,0.0321675817617565
25,46,0,0.5681670743063012,0.5153061224489796,0.5211734693877551,0.06703563942082151,0.04061826918540257,0.5148483013401514,0.5685071574642127,0.521161309405423,0.569672131147541,0.5673469387755102,"[95, 105, 106, 139]",0.9978335043925565,0.06703563892069622,0.07653276145980784,0.05963535449987974
50,46,0,0.56839546455125,0.5105204081632653,0.5176020408163265,0.005105884042364949,0.012585974101139293,0.4680602691421325,0.6936236391912908,0.4480263944944308,0.5603015075376885,0.9102040816326531,"[25, 175, 22, 223]",0.9362122043568353,0.0051058839558248865,0.0026731188610799915,0.056785629028406885
100,46,0,0.5974574338610127,0.5389387755102041,0.540765306122449,0.06580528847089538,0.03452752213775996,0.5149221194890051,0.644927536231884,0.5325229397135751,0.5798045602605864,0.726530612244898,"[71, 129, 67, 178]",0.9986734375213375,0.06580528802023418,0.10010360799609642,0.04901229410360394
200,46,0,0.5846582850527834,0.525734693877551,0.5210204081632653,0.10724335179588039,0.049727675047596426,0.5268163590944891,0.5347826086956522,0.5185540950455005,0.5720930232558139,0.5020408163265306,"[108, 92, 122, 123]",0.9997927344391809,0.10724335158118824,0.46800415081281355,0.060560396275959945
400,46,0,0.6053061219006849,0.5363775510204083,0.5180102040816327,0.20934765755665805,0.10056952408381871,0.5568564213079247,0.6433566433566433,0.5009236046971896,0.5626911314984709,0.7510204081632653,"[57, 143, 61, 184]",0.9993794161849338,0.20934765716533374,0.40621507779590793,0.1410091907376441
1777,46,0,0.8636022080934012,0.8110204081632653,0.6959693877551021,0.7329993489136494,0.44129268879793127,0.7886031964664513,0.7334669338677354,0.6966567405911568,0.7204724409448819,0.746938775510204,"[129, 71, 62, 183]",0.9998638444051056,0.7329993484337324,0.9304178145087023,0.6046938410121657
10,46,1,0.5494124999182298,0.49418367346938785,0.49081632653061225,0.05381002964368243,0.025108086412032375,0.5123083566951248,0.509719222462203,0.4890516487018275,0.5412844036697247,0.4816326530612245,"[100, 100, 127, 118]",0.9998832502833618,0.05381002951199194,0.4255083996462366,0.028721055144425446
25,46,1,0.564819414972883,0.5102755102040817,0.5135204081632654,0.0048306384546977525,0.011450541565522119,0.467685298300271,0.6895475819032761,0.4451753973773409,0.5580808080808081,0.9020408163265307,"[25, 175, 24, 221]",0.9356060851084321,0.004830638368888384,0.0025279638166478195,0.05420446407257021
50,46,1,0.5668914704618128,0.5123571428571428,0.46964285714285714,0.008725895170463448,0.02482042606313504,0.48144439462466343,0.6086956521739131,0.4472049689440994,0.5303030303030303,0.7142857142857143,"[45, 155, 70, 175]",0.9612170378579935,0.008725895036241847,0.0047000585633983315,0.060828956791596125
100,46,1,0.5700607247197387,0.5099591836734694,0.5130612244897959,0.006417009336696174,0.020364321720726553,0.4734085857921606,0.6905132192846034,0.4424226015451357,0.5577889447236181,0.9061224489795918,"[24, 176, 23, 222]",0.9462669648703292,0.006417009235728554,0.003387675559662163,0.06066483647648513
200,46,1,0.5710755241717091,0.49138775510204086,0.4738265306122449,0.1555469982590022,0.06507496943279188,0.5406434279298029,0.4732142857142857,0.46963881706528765,0.5221674876847291,0.4326530612244898,"[103, 97, 139, 106]",0.9996757601174703,0.1555469979697079,0.46450033385262524,0.09341429935545337
400,46,1,0.5784638933849752,0.5305102040816326,0.5116836734693877,0.08964128410719865,0.037253397409466864,0.521568545894598,0.6285714285714286,0.4991341991341991,0.5587301587301587,0.7183673469387755,"[61, 139, 69, 176]",0.9990264268531356,0.08964128369576797,0.16109928391716039,0.06209715922654478
1777,46,1,0.8756786956399226,0.8174489795918367,0.6542346938775511,0.7475664809220254,0.4766880619282625,0.7978032403592361,0.7482517482517482,0.6477107797862515,0.654434250764526,0.8734693877551021,"[87, 113, 31, 214]",0.9998203608630872,0.7475664804363328,0.9137997930677507,0.6325047744091574
10,46,2,0.5491360919918308,0.4908775510204082,0.4906632653061224,0.060661057044208044,0.029287930368891397,0.5141095754416797,0.4700460829493088,0.48283005901851406,0.5396825396825397,0.4163265306122449,"[113, 87, 143, 102]",0.9998426866072847,0.06066105688664969,0.38647512263483064,0.03291358319407924
25,46,2,0.5689428738605675,0.5057244897959183,0.4996938775510204,0.010436462745459098,0.02648586009617919,0.4837644539739505,0.6740506329113924,0.43780051025414585,0.5503875968992248,0.8693877551020408,"[26, 174, 32, 213]",0.9649886062338868,0.010436462599162475,0.005664428536982714,0.0662449271902592
50,46,2,0.5555574151133686,0.4906632653061225,0.5102551020408164,0.0782663054899118,0.04339041186838734,0.518382058000601,0.45098039215686275,0.49312505085021563,0.5644171779141104,0.37551020408163266,"[129, 71, 153, 92]",0.9988679904350583,0.07826630505896219,0.12971404890177754,0.05603962759608414
100,46,2,0.6103272002417482,0.5431530612244898,0.5454591836734693,0.10695290358672192,0.05282658606159444,0.5265904053156529,0.4813895781637717,0.5261157336404074,0.6139240506329114,0.39591836734693875,"[139, 61, 148, 97]",0.9994853399370819,0.10695290326610306,0.27902586369641436,0.06615540701838049
200,46,2,0.5673664065133522,0.49876530612244896,0.5032142857142857,0.10255319150129585,0.0487907426048705,0.5255124707665222,0.5622489959839357,0.503063273502172,0.5533596837944664,0.5714285714285714,"[87, 113, 105, 140]",0.9998059412174386,0.10255319129555372,0.4716242661447564,0.05753163046072962
400,46,2,0.5957343010938676,0.5096734693877552,0.4823979591836735,0.2354194719368255,0.10873453957693917,0.5652440173808299,0.6046511627906976,0.4684887233893065,0.5382165605095541,0.689795918367347,"[55, 145, 76, 169]",0.9996258977913954,0.23541947159006502,0.5469234535661527,0.14999104798280988
1777,46,2,0.8592845646573066,0.7891224489795918,0.6679591836734694,0.716150909141981,0.45192538280876315,0.7781922728809365,0.7330827067669173,0.66821733103709,0.6794425087108014,0.7959183673469388,"[108, 92, 50, 195]",0.9997708129841137,0.716150908658073,0.8874600198521918,0.600277512532815
10,46,3,0.5463656981390838,0.4901122448979592,0.4978571428571429,0.05857267070043513,0.028790089565037,0.513557305812955,0.5151515151515151,0.49589351458510333,0.5483870967741935,0.4857142857142857,"[102, 98, 126, 119]",0.9998512665210507,0.05857267054872051,0.3905761089636682,0.03166030078777704
25,46,3,0.5711299340681757,0.5177142857142858,0.5398979591836734,0.06867500236946338,0.043624225319648276,0.5151300289798368,0.5369127516778524,0.5348220643265108,0.594059405940594,0.4897959183673469,"[118, 82, 125, 120]",0.9975015380955359,0.06867500186366732,0.0727075691897287,0.06506624492718928
50,46,3,0.5649041953270589,0.5093469387755103,0.5038265306122449,0.007526657309322433,0.022840594408606973,0.47856361353996063,0.6644951140065146,0.45905915120615587,0.5528455284552846,0.8326530612244898,"[35, 165, 41, 204]",0.9560508965875123,0.007526657188790632,0.004020103571875763,0.05891919312484992
100,46,3,0.5854590663559636,0.5291326530612245,0.5241836734693878,0.09464629674800594,0.03868597406457856,0.5232999861350657,0.41379310344827586,0.49149694158768564,0.5909090909090909,0.3183673469387755,"[146, 54, 167, 78]",0.9997669946978828,0.09464629653134753,0.40882151812167666,0.05351814275483329
200,46,3,0.5744520019355052,0.514,0.5203061224489796,0.11568897077140222,0.03974191488338865,0.5291711529840708,0.421875,0.49156991106719367,0.5827338129496403,0.3306122448979592,"[142, 58, 164, 81]",0.9997483075558584,0.1156889705329443,0.4431524547803177,0.06652840773454186
400,46,3,0.5853786412860094,0.48500000000000004,0.47908163265306125,0.22073969759018586,0.10825078779337358,0.5605685483626721,0.45977011494252873,0.4716432992295061,0.5263157894736842,0.40816326530612246,"[110, 90, 145, 100]",0.9996622388921113,0.22073969726075446,0.5515596111408987,0.13798042492241377
1777,46,3,0.8522272848047894,0.8002857142857143,0.7023469387755102,0.6893989111474632,0.42681366667455556,0.7622549410597479,0.7331975560081466,0.702438377001567,0.7317073170731707,0.7346938775510204,"[134, 66, 65, 180]",0.9998261107529409,0.6893989106731495,0.9059592352355051,0.5563977082835916
10,46,4,0.5504712324909394,0.49401020408163265,0.5153571428571428,0.05551885534097687,0.026250334162775096,0.512771126299313,0.5230769230769231,0.5121131741821396,0.5666666666666667,0.4857142857142857,"[109, 91, 126, 119]",0.999903509660893,0.055518855218515864,0.47902013097247653,0.029467056576748186
25,46,4,0.5698236044168968,0.509765306122449,0.5212244897959184,0.005236203627569744,0.01307039748434082,0.46757072841153474,0.6986089644513137,0.4480699143244223,0.5621890547263682,0.9224489795918367,"[24, 176, 19, 226]",0.935157997988976,0.005236203542317797,0.0027393342139734353,0.059157913583193195
50,46,4,0.5910497302712692,0.5179285714285715,0.5039795918367347,0.0684353537273723,0.03217026479028646,0.5161870649331292,0.524731182795699,0.5023655913978495,0.5545454545454546,0.49795918367346936,"[102, 98, 123, 122]",0.9998334777993159,0.0684353535593759,0.40334781908894196,0.03738959178801567
100,46,4,0.6016860284727974,0.5311938775510204,0.5380102040816326,0.09691324250868226,0.04614492560527762,0.523946509862067,0.5684210526315789,0.5372225745085606,0.5869565217391305,0.5510204081632653,"[105, 95, 110, 135]",0.9998078279000467,0.0969132423078131,0.45909723100259714,0.0541746240152773
200,46,4,0.5784109988589774,0.5305102040816326,0.5172448979591837,0.028011000862554643,0.03338977317735049,0.49811724374660016,0.6677685950413224,0.48125271857329277,0.5611111111111111,0.8244897959183674,"[42, 158, 43, 202]",0.984731751466761,0.028011000588139177,0.016721101856967995,0.08623776557650861
400,46,4,0.5722088116660682,0.48404081632653057,0.48739795918367346,0.1640302267107805,0.07525035556481809,0.5431844793584008,0.5128205128205128,0.48626807631546964,0.5381165919282511,0.4897959183673469,"[97, 103, 125, 120]",0.9997365831710786,0.16403022643710005,0.5261797026502484,0.09715922654571352
1777,46,4,0.870963472449091,0.819673469387755,0.7061224489795919,0.7182538247340026,0.4440564136115872,0.7794866591680707,0.7595419847328244,0.7076398448254286,0.7132616487455197,0.8122448979591836,"[120, 80, 46, 199]",0.999826874410187,0.7182538242539249,0.9115487010006218,0.5925936977798909
