checkpoint,dataset,kind,n_samples,n_bonafide,n_attack,pr_auc,roc_auc,bacc,f1_1,f1_macro,prec1,rec1,cm_TN_FP_FN_TP,dice_global,dice_pos_mean,miou,pix_specificity,pix_f1,pix_prec,pix_rec
model_cls_only_seed42.pt,sidtd,templates,2222,1000,1222,0.5528588094052862,0.5058956628477904,0.5024672667757775,0.5926487305797651,0.498540431771877,0.5518701482004235,0.6399345335515548,"[365, 635, 440, 782]",0.00028667476477717345,0.0001902763934998426,0.498413917635612,0.9999590554563518,0.00028667473748597886,0.011514229850095259,0.00014514424051222184
model_cls_only_seed43.pt,sidtd,templates,2222,1000,1222,0.5346620217051474,0.49527045826513905,0.5,0.7096399535423926,0.3548199767711963,0.54995499549955,1.0,"[0, 1000, 0, 1222]",2.7385705756948063e-12,8.51140608584172e-09,0.4983624069930251,1.0,0.0,0.0,0.0
model_cls_only_seed44.pt,sidtd,templates,2222,1000,1222,0.552231066443515,0.507911620294599,0.510828968903437,0.5871844660194174,0.5092155609925872,0.5587583148558758,0.618657937806874,"[403, 597, 466, 756]",9.846881273940648e-05,6.788946187434548e-05,0.4983851953999928,0.9999961665108584,9.846880757848307e-05,0.040540540540449234,4.929427036264138e-05
model_cls_only_seed45.pt,sidtd,templates,2222,1000,1222,0.5539232484534684,0.5082675941080197,0.5120965630114567,0.5615038823048631,0.5120989616832278,0.5608163265306122,0.5621931260229133,"[462, 538, 535, 687]",2.7385705756948063e-12,8.51140608584172e-09,0.4983624069930251,1.0,0.0,0.0,0.0
model_cls_only_seed46.pt,sidtd,templates,2222,1000,1222,0.5529682333558599,0.5026157937806874,0.5,0.7096399535423926,0.3548199767711963,0.54995499549955,1.0,"[0, 1000, 0, 1222]",2.7385705756948063e-12,8.51140608584172e-09,0.4983624069930251,1.0,0.0,0.0,0.0
model_cls_only_seed47.pt,sidtd,templates,2222,1000,1222,0.5548553702231781,0.5076788052373159,0.5076317512274959,0.49795918367346936,0.5017710165799236,0.5584944048830112,0.4492635024549918,"[566, 434, 673, 549]",2.7385705756948063e-12,8.51140608584172e-09,0.4983624069930251,1.0,0.0,0.0,0.0
model_cls_only_seed48.pt,sidtd,templates,2222,1000,1222,0.5535093571042956,0.5036816693944353,0.5052774140752865,0.5531391054575298,0.5052691042982715,0.5547325102880658,0.5515548281505729,"[459, 541, 548, 674]",2.7385705756948063e-12,8.51140608584172e-09,0.4983624069930251,1.0,0.0,0.0,0.0
model_cls_only_seed49.pt,sidtd,templates,2222,1000,1222,0.5533586913502552,0.5057029459901801,0.5071972176759411,0.6070500927643785,0.5007806209962544,0.5553292600135777,0.6693944353518821,"[345, 655, 404, 818]",4.923898688041153e-05,2.707611569213685e-05,0.49837295892149325,0.9999963914808785,4.9238981904453435e-05,0.021951219512141584,2.464713518132069e-05
model_cls_only_seed50.pt,sidtd,templates,2222,1000,1222,0.5423780702987813,0.4893498363338789,0.48800818330605567,0.56394211967149,0.4865285585108907,0.5400749063670413,0.5900163666121113,"[386, 614, 501, 721]",2.7385705756948063e-12,8.51140608584172e-09,0.4983624069930251,1.0,0.0,0.0,0.0
model_cls_only_seed51.pt,sidtd,templates,2222,1000,1222,0.5707397652191961,0.5213236497545009,0.5082708674304419,0.5160722148833113,0.5051598994342925,0.5586272640610105,0.4795417348608838,"[537, 463, 636, 586]",2.7385705756948063e-12,8.51140608584172e-09,0.4983624069930251,1.0,0.0,0.0,0.0
model_cls_only_seed52.pt,sidtd,templates,2222,1000,1222,0.554750152297095,0.49970581014729953,0.4951031096563011,0.5868989019310867,0.4908981475822932,0.5461592670894997,0.6342062193126022,"[356, 644, 447, 775]",2.7385705756948063e-12,8.51140608584172e-09,0.4983624069930251,1.0,0.0,0.0,0.0
model_cls_only_seed53.pt,sidtd,templates,2222,1000,1222,0.5703296631969177,0.5214108019639934,0.5165409165302782,0.5025125628140703,0.5097928667728888,0.5687693898655636,0.4500818330605565,"[583, 417, 672, 550]",0.00048334734413932394,0.0004706324613027306,0.4984515696009698,0.9999355775850599,0.0004833473032822254,0.0124155055869758,0.00024647135181320694
model_cls_only_seed54.pt,sidtd,templates,2222,1000,1222,0.5526287514623869,0.5083993453355156,0.503366612111293,0.5427261358899541,0.5031479090207717,0.5531011045029737,0.532733224222586,"[474, 526, 571, 651]",0.00035171352392503706,0.00023726478572044058,0.4984309088542119,0.999960405276472,0.0003517134973523395,0.01455767077267311,0.00017800708742064943
model_cls_only_seed55.pt,sidtd,templates,2222,1000,1222,0.5494262052597085,0.498676759410802,0.5038297872340425,0.5879647374472978,0.501066837388499,0.5529920692141312,0.6276595744680851,"[380, 620, 455, 767]",2.738540576948229e-12,8.511375105713275e-09,0.49836238905436897,0.9999999640047967,0.0,0.0,0.0
model_cls_only_seed56.pt,sidtd,templates,2222,1000,1222,0.5581743748314999,0.5078465630114566,0.5076063829787234,0.607566765578635,0.5011518038419491,0.5556309362279511,0.6702127659574468,"[345, 655, 403, 819]",0.0006706726229940337,0.0007406551228507778,0.4983501282148696,0.9996375912953088,0.000670672441111406,0.0033655868742111074,0.0003724455982955127
model_cls_only_seed57.pt,sidtd,templates,2222,1000,1222,0.5603992862180376,0.5144893617021277,0.5068968903436989,0.44235526966848093,0.48861469632825616,0.5594493116395495,0.3657937806873977,"[648, 352, 775, 447]",5.476379019987469e-06,6.184589323476456e-06,0.4983635563276168,0.9999995500599599,5.476376002558121e-06,0.019607843136870435,2.738570575702299e-06
model_cls_only_seed58.pt,sidtd,templates,2222,1000,1222,0.5561740753076526,0.5133805237315876,0.5165057283142389,0.5639344262295082,0.5164981512385066,0.5648604269293924,0.563011456628478,"[470, 530, 534, 688]",2.7385705756948063e-12,8.51140608584172e-09,0.4983624069930251,1.0,0.0,0.0,0.0
model_cls_only_seed59.pt,sidtd,templates,2222,1000,1222,0.5433686146563916,0.4935147299509002,0.5,0.7096399535423926,0.3548199767711963,0.54995499549955,1.0,"[0, 1000, 0, 1222]",2.738360598269525e-12,8.510084895003591e-09,0.4983622814224322,0.9999997480335775,0.0,0.0,0.0
model_cls_only_seed60.pt,sidtd,templates,2222,1000,1222,0.5538528531311053,0.5019533551554828,0.5066014729950901,0.5841737781225756,0.5048414442595729,0.5553097345132744,0.61620294599018,"[397, 603, 469, 753]",0.011297932580387122,0.017057328081023674,0.4923684198452509,0.9821553780100156,0.011297932318531547,0.006682228478114947,0.036532531479868666
model_cls_only_seed61.pt,sidtd,templates,2222,1000,1222,0.556429687669196,0.5101055646481178,0.5005122749590835,0.5896656534954408,0.4968195817146078,0.550354609929078,0.6350245499181669,"[366, 634, 446, 776]",2.7385705756948063e-12,8.51140608584172e-09,0.4983624069930251,1.0,0.0,0.0,0.0
model_cls_only_seed62.pt,sidtd,templates,2222,1000,1222,0.5498935360305246,0.4952135842880524,0.4984148936170213,0.5560936238902341,0.49829096250462873,0.5485668789808917,0.5638297872340425,"[433, 567, 533, 689]",0.0033389937250688337,0.0016846489071215233,0.4989620453245051,0.9995191580779562,0.003338993497811553,0.012930875235526417,0.0019169994029916092
model_cls_only_seed63.pt,sidtd,templates,2222,1000,1222,0.5405226534954836,0.4861382978723404,0.5014762684124386,0.6312478154491437,0.4823958597144644,0.5509456985967053,0.7389525368248773,"[264, 736, 319, 903]",2.7385705756948063e-12,8.51140608584172e-09,0.4983624069930251,1.0,0.0,0.0,0.0
model_cls_only_seed64.pt,sidtd,templates,2222,1000,1222,0.5429198684552974,0.49393494271685756,0.5035572831423896,0.5889101338432122,0.5005786317111086,0.5527638190954773,0.630114566284779,"[377, 623, 452, 770]",2.7385705756948063e-12,8.51140608584172e-09,0.4983624069930251,1.0,0.0,0.0,0.0
model_cls_only_seed65.pt,sidtd,templates,2222,1000,1222,0.5447398130374259,0.4975053191489362,0.5,0.7096399535423926,0.3548199767711963,0.54995499549955,1.0,"[0, 1000, 0, 1222]",2.7385705756948063e-12,8.51140608584172e-09,0.4983624069930251,1.0,0.0,0.0,0.0
model_cls_only_seed66.pt,sidtd,templates,2222,1000,1222,0.5448819849171405,0.48315548281505727,0.49534451718494277,0.6463496316141996,0.46103489811162657,0.5470521541950113,0.7896890343698855,"[201, 799, 257, 965]",0.010915199277122903,0.007575014609166721,0.500845129520683,0.999455239595861,0.010915199024185026,0.037154263356289075,0.0063973008648405705
model_cls_only_seed67.pt,sidtd,templates,2222,1000,1222,0.5523210270050508,0.5056857610474631,0.5061006546644844,0.579914028917546,0.5048111258646085,0.5549738219895288,0.6072013093289689,"[405, 595, 480, 742]",2.7385105788588664e-12,8.510020632169585e-09,0.49836237111571285,0.9999999280095936,0.0,0.0,0.0
model_cls_only_seed68.pt,sidtd,templates,2222,1000,1222,0.5579427424728235,0.5088351063829787,0.5049590834697217,0.5521774856203779,0.5049444642032238,0.5544554455445545,0.5499181669394435,"[460, 540, 550, 672]",1.076441017771831e-05,5.992705011974005e-06,0.49833623029711727,0.9999420567216372,1.0764373420871467e-05,0.00031051079024991293,5.477141151404598e-06
model_cls_only_seed69.pt,sidtd,templates,2222,1000,1222,0.5589113168803089,0.5111669394435352,0.5065016366612112,0.5364406779661017,0.5057443313055077,0.5562390158172232,0.5180032733224222,"[495, 505, 589, 633]",0.0001859447662012963,0.00010960633135389626,0.4984067533367688,0.9999953926139895,0.0001859447604857261,0.062271062270948224,9.311139957387817e-05
model_cls_only_seed70.pt,sidtd,templates,2222,1000,1222,0.5588691059026999,0.5204378068739771,0.518088379705401,0.516331096196868,0.5134846970346042,0.5695952615992103,0.47217675941080195,"[564, 436, 645, 577]",2.7385705756948063e-12,8.51140608584172e-09,0.4983624069930251,1.0,0.0,0.0,0.0
model_cls_only_seed71.pt,sidtd,templates,2222,1000,1222,0.5505963993351289,0.4969214402618658,0.49836006546644845,0.6988095238095238,0.3826150940080829,0.54911131898971,0.9607201309328969,"[36, 964, 48, 1174]",2.432628357629373e-12,8.023385565320197e-09,0.49815645328206737,0.9995867390719778,0.0,0.0,0.0
model_multitask_seed42.pt,sidtd,templates,2222,1000,1222,0.5480178367148243,0.5042258592471359,0.4983903436988544,0.6490465038474407,0.46404215226736295,0.5489530277306168,0.7937806873977087,"[203, 797, 252, 970]",0.009584430430053779,0.01916219080304155,0.4824004220620227,0.9629535748807042,0.009584430280819616,0.0052150589599845336,0.05910383016480702
model_multitask_seed43.pt,sidtd,templates,2222,1000,1222,0.5643976095419991,0.508058510638298,0.5074337152209493,0.6452054794520548,0.4827077266026678,0.5547703180212014,0.7708674304418985,"[244, 756, 280, 942]",0.002940719196274878,0.004830591042783404,0.46670928491054303,0.9349145444179817,0.00294071910477064,0.0015444785100337953,0.03063912760095732
model_multitask_seed44.pt,sidtd,templates,2222,1000,1222,0.5456630399498951,0.5002459083469721,0.5002528641571194,0.6457065584854631,0.4702287839533641,0.5501152073732719,0.7815057283142389,"[219, 781, 267, 955]",0.006027914253103016,0.011125330574902432,0.47246485094921553,0.9448352543643329,0.006027914147137209,0.003192913540109553,0.053774571824490344
model_multitask_seed45.pt,sidtd,templates,2222,1000,1222,0.565853798539446,0.5156816693944353,0.5029844517184943,0.6625245258338783,0.4589678906225669,0.5517429193899782,0.8289689034369886,"[177, 823, 209, 1013]",0.005462558347526385,0.008503656746106307,0.46543475712696963,0.9309967905057036,0.005462558260849877,0.002860971182747151,0.06025129123602628
model_multitask_seed46.pt,sidtd,templates,2222,1000,1222,0.5583243082835596,0.5101653027823241,0.49571440261865796,0.668578712555768,0.4361270285596604,0.5474947807933194,0.8584288052373159,"[133, 867, 173, 1049]",0.0030263270600701326,0.005629192895946811,0.46562439316925375,0.9326889160096747,0.00302632697131364,0.0015869149260634324,0.032558865574524636
model_multitask_seed47.pt,sidtd,templates,2222,1000,1222,0.5505427091065926,0.5002745499181669,0.49985842880523734,0.6946035574314139,0.3978785311558134,0.5498806682577566,0.9427168576104746,"[57, 943, 70, 1152]",0.0070575204663200055,0.012193364854904435,0.46984942842195504,0.9390207152214481,0.007057520369472169,0.0037182050464378666,0.06925844985951114
model_multitask_seed48.pt,sidtd,templates,2222,1000,1222,0.5832375024544628,0.5191571194762684,0.5008977086743045,0.6757269279393173,0.43708221396965863,0.5504634397528322,0.8747954173486089,"[127, 873, 153, 1069]",0.003801364960774001,0.008542943546760757,0.4678971428909808,0.9368405307571902,0.0038013648667933344,0.0019993700868014695,0.03850704086495003
model_multitask_seed49.pt,sidtd,templates,2222,1000,1222,0.5732367254614003,0.5125008183306056,0.4983968903436989,0.6719593521752938,0.43713797724594805,0.5490399584846912,0.8657937806873978,"[131, 869, 164, 1058]",0.00258941282914426,0.004631906402203782,0.46610323459776365,0.9338852525834702,0.002589412738914707,0.0013589667611790578,0.027380228615871586
model_multitask_seed50.pt,sidtd,templates,2222,1000,1222,0.5519214135531803,0.5031910801963992,0.49931423895253685,0.6981188414452075,0.3874155851061654,0.5496003761165962,0.9566284779050737,"[42, 958, 53, 1169]",0.007102673542893531,0.014812400386212989,0.46269888616696214,0.9246043753717292,0.007102673463015274,0.003705540235707651,0.08533933628003504
model_multitask_seed51.pt,sidtd,templates,2222,1000,1222,0.5428933542456335,0.49641243862520457,0.4972225859247136,0.6950524737631184,0.38900504662006236,0.5485092285849503,0.9484451718494271,"[46, 954, 63, 1159]",0.003945245614164158,0.006807344819269578,0.4713698771730824,0.9437438168114841,0.003945245509924952,0.002087604025030816,0.03581502598903467
model_multitask_seed52.pt,sidtd,templates,2222,1000,1222,0.545378512527612,0.49731546644844515,0.4928036006546645,0.6615087040618955,0.4395471985287123,0.5457446808510639,0.839607201309329,"[146, 854, 196, 1026]",0.006247902594353509,0.01757501856045183,0.4768485260274513,0.9535386245358171,0.006247902471152979,0.0033441517014076356,0.04744299665346663
model_multitask_seed53.pt,sidtd,templates,2222,1000,1222,0.5520959830425918,0.4999750409165303,0.4949844517184943,0.6590761223162004,0.44705630933328266,0.546976241900648,0.8289689034369886,"[161, 839, 209, 1013]",0.004999175634226431,0.00951166378952127,0.4689053441786882,0.9382257161646125,0.004999175538405438,0.0026321979543040435,0.04961468311999855
model_multitask_seed54.pt,sidtd,templates,2222,1000,1222,0.5591823266478035,0.4973396072013093,0.5014378068739771,0.6576517150395779,0.46126211814301843,0.550828729281768,0.8158756137479541,"[187, 813, 225, 997]",0.010564701268347526,0.023232085257459397,0.48599882504883907,0.9696912740014441,0.010564701092426677,0.005851690275125371,0.054292161663298075
model_multitask_seed55.pt,sidtd,templates,2222,1000,1222,0.5601638370606448,0.5059611292962357,0.5001653027823241,0.6578947368421053,0.4585769980506823,0.5500550055005501,0.8183306055646481,"[182, 818, 222, 1000]",0.005680871676463013,0.0124043120605285,0.4725365604402714,0.9451647004616871,0.005680871569914891,0.003010133636648172,0.0503842214517709
model_multitask_seed56.pt,sidtd,templates,2222,1000,1222,0.550975353709741,0.5117520458265139,0.502259410801964,0.6698779704560052,0.44847281981446874,0.5512684989429175,0.853518821603928,"[151, 849, 179, 1043]",0.005096298149221265,0.01179584311821833,0.47101886341357146,0.9424240886810942,0.005096298047169377,0.0026931843015318944,0.04731702240698432
model_multitask_seed57.pt,sidtd,templates,2222,1000,1222,0.5536282868133298,0.5009799509001637,0.5031702127659574,0.6759670259987318,0.44185948199161396,0.55175983436853,0.8723404255319149,"[134, 866, 156, 1066]",0.006127542701596348,0.010591014863282127,0.47211222824241883,0.9440725789999773,0.006127542596920452,0.003243195736212809,0.05537937418185189
model_multitask_seed58.pt,sidtd,templates,2222,1000,1222,0.5507662339390156,0.49740098199672667,0.4978968903436989,0.6717460317460318,0.4363366943892446,0.5487551867219918,0.8657937806873978,"[130, 870, 164, 1058]",0.0017067692231598026,0.002409583025835698,0.4642628984252745,0.9306624220643108,0.0017067691367082518,0.0008937908570887676,0.018876966978315948
model_multitask_seed59.pt,sidtd,templates,2222,1000,1222,0.5254565394632673,0.4734701309328969,0.5065384615384616,0.6920245398773006,0.4220257834521638,0.5534838076545633,0.9230769230769231,"[90, 910, 94, 1128]",0.008556867668007147,0.012505405869048376,0.47645599240673886,0.9515212733720679,0.008556867549411793,0.00456710692614136,0.06768924891963372
model_multitask_seed60.pt,sidtd,templates,2222,1000,1222,0.5549729346394485,0.4958968903436989,0.5027054009819967,0.6391184573002755,0.4792994883903975,0.5517241379310345,0.7594108019639935,"[246, 754, 294, 928]",0.008188756935534029,0.013709359702615529,0.4836412963460958,0.966189417665823,0.008188756774427139,0.004490511846281841,0.04641329411700256
model_multitask_seed61.pt,sidtd,templates,2222,1000,1222,0.571382192153631,0.5143956628477905,0.5019893617021276,0.6786163522012578,0.43503602420189474,0.5510725229826353,0.8829787234042553,"[121, 879, 143, 1079]",0.006265666512276257,0.010573551942839755,0.4659430638453196,0.9315859779894011,0.006265666424955135,0.0032828103058742766,0.06857380721558556
model_multitask_seed62.pt,sidtd,templates,2222,1000,1222,0.5496585996367516,0.503774549918167,0.4976808510638298,0.705985401459854,0.3588808263432734,0.548797094870631,0.9893617021276596,"[6, 994, 13, 1209]",0.005791947915562348,0.012006703511935259,0.4705111033304848,0.9410308043529503,0.0057919478157005015,0.0030568533959400273,0.055026098577586294
model_multitask_seed63.pt,sidtd,templates,2222,1000,1222,0.5657764706583394,0.5065045008183306,0.5022995090016367,0.651022460610124,0.46924839662949736,0.5513912549687677,0.7945990180032734,"[210, 790, 251, 971]",0.005105458417944527,0.007555374577968156,0.47425948867945755,0.9489365118225616,0.005105458304443051,0.0027165517209865697,0.04233008538863044
model_multitask_seed64.pt,sidtd,templates,2222,1000,1222,0.545547191717423,0.49854050736497546,0.5032446808510639,0.6140988372093024,0.49321963137060865,0.5522875816993464,0.6914893617021277,"[315, 685, 377, 845]",0.008336050819317004,0.014412539931521513,0.4833650191016546,0.9655554341517341,0.008336050660670712,0.004563832672818525,0.04805917503299965
model_multitask_seed65.pt,sidtd,templates,2222,1000,1222,0.5458701767763217,0.492667348608838,0.5045409165302782,0.6985559566787004,0.4019565497679216,0.5523311132254995,0.9500818330605565,"[59, 941, 61, 1161]",0.007603873225400548,0.014953172271619524,0.4776558206518703,0.954444398830523,0.00760387310015841,0.004075054661288869,0.05672675090509742
model_multitask_seed66.pt,sidtd,templates,2222,1000,1222,0.5496080765412973,0.5026501636661211,0.5026235679214403,0.6717850287907869,0.4466664142436484,0.5514705882352942,0.8592471358428805,"[146, 854, 172, 1050]",0.0031073467687701244,0.005101850138167203,0.46293129558010504,0.9272343378976631,0.0031073466860950393,0.001623720167490976,0.036014941641060935
model_multitask_seed67.pt,sidtd,templates,2222,1000,1222,0.5530729062943649,0.5037868248772503,0.49762847790507364,0.6855036855036855,0.41177541177541177,0.5486725663716814,0.9132569558101473,"[82, 918, 106, 1116]",0.003361686407187903,0.004862378936467464,0.4717906058793809,0.9448999737396995,0.0033616863009777917,0.0017809035428144762,0.029916144968971915
model_multitask_seed68.pt,sidtd,templates,2222,1000,1222,0.5670889846073014,0.50939852700491,0.4961775777414075,0.6959378733572282,0.3835528782844535,0.5479774223894638,0.953355155482815,"[39, 961, 57, 1165]",0.003679417979004463,0.007691267343000248,0.46520231084002667,0.9314898527992362,0.0036794178916866294,0.0019277767392007138,0.04027068031570231
model_multitask_seed69.pt,sidtd,templates,2222,1000,1222,0.5621715018469343,0.5251505728314239,0.5127618657937807,0.6825245797653029,0.45357832396475833,0.5572242361470741,0.8805237315875614,"[145, 855, 146, 1076]",0.009782283587557648,0.01907359762662559,0.4695454791410752,0.936940795395724,0.009782283493710516,0.005144702750665483,0.0992403205222999
model_multitask_seed70.pt,sidtd,templates,2222,1000,1222,0.5581728439178965,0.5057896890343698,0.5070335515548281,0.6766486142083467,0.44943541821528443,0.5539906103286385,0.8690671031096563,"[145, 855, 160, 1062]",0.004705151395572326,0.010459086184339387,0.47476712057210574,0.950169851465254,0.0047051512795863795,0.0025073225563557624,0.0381181638432003
model_multitask_seed71.pt,sidtd,templates,2222,1000,1222,0.5562986741937039,0.5096100654664484,0.5002144026186579,0.6705017577500799,0.4432356697495647,0.5500786575773466,0.8584288052373159,"[142, 858, 173, 1049]",0.005007201127664387,0.00841677329105168,0.4743490153919658,0.9491687528736545,0.0050072010137019035,0.002665012642654715,0.0413359842696505
model_outer1.pt,sidtd,templates,2222,1000,1222,0.5638571450346423,0.5063887070376432,0.5009369885433715,0.6544971788914703,0.46351693326124876,0.5505304299274149,0.806873977086743,"[195, 805, 236, 986]",0.004984604575556287,0.00765016626251072,0.4734273708539015,0.9473272832715767,0.0049846044651093765,0.002647371090816738,0.04254917103468662
model_outer10.pt,sidtd,templates,2222,1000,1222,0.5467705840229581,0.499231178396072,0.5001669394435352,0.6636363636363637,0.4520527859237537,0.55005382131324,0.8363338788870703,"[164, 836, 200, 1022]",0.0032820202458252097,0.007944761397580359,0.4632382972408587,0.9277570242434353,0.0032820201626108905,0.0017155228831926132,0.037781319662388915
model_outer2.pt,sidtd,templates,2222,1000,1222,0.5501613156408902,0.5085572831423895,0.5034476268412439,0.6909424724602203,0.41604946752262717,0.5518084066471163,0.9238952536824877,"[83, 917, 93, 1129]",0.006830907283356575,0.013144040112539354,0.4733103544261913,0.9461080087545374,0.0068309071752160316,0.0036229490932062547,0.05963511285649326
model_outer3.pt,sidtd,templates,2222,1000,1222,0.5540015418474584,0.49601595744680854,0.5013510638297872,0.6719846841097639,0.44362592984114146,0.5507322175732218,0.8617021276595744,"[141, 859, 169, 1053]",0.004339566740600042,0.007635718155100079,0.47238826959015645,0.9455811019711892,0.004339566633261248,0.002300498870373224,0.03818662810759286
model_outer4.pt,sidtd,templates,2222,1000,1222,0.5394466269431726,0.48988993453355156,0.5088436988543372,0.6492004083021435,0.48207528720755016,0.5556202679091439,0.7806873977086743,"[237, 763, 268, 954]",0.009423528402293178,0.015751724618575085,0.4784985353729687,0.9551752004424386,0.009423528275395035,0.005055420875272919,0.06931322127102518
model_outer5.pt,sidtd,templates,2222,1000,1222,0.552823908458946,0.5065949263502454,0.5022618657937807,0.6780088216761184,0.4366422061136498,0.5512295081967213,0.8805237315875614,"[124, 876, 146, 1076]",0.006176740754479403,0.013964465844449504,0.4690673418034622,0.9379198829205623,0.006176740659136598,0.003251308694010717,0.06162605366502884
model_outer6.pt,sidtd,templates,2222,1000,1222,0.559890206226632,0.5107704582651391,0.5002635024549918,0.6824114356743319,0.42440310772297346,0.5501002004008017,0.8985270049099836,"[102, 898, 124, 1098]",0.005523097003124314,0.009775701293985719,0.4667394599414391,0.9335883551486162,0.0055230969133860126,0.002897789813771608,0.05873686170766291
model_outer7.pt,sidtd,templates,2222,1000,1222,0.5599197075128667,0.5080638297872341,0.4985851063829787,0.6922844175491679,0.3996979594330563,0.5492078732597215,0.9361702127659575,"[61, 939, 78, 1144]",0.006416447521947372,0.01183090618672087,0.46871184652295617,0.9370758134029543,0.0064164474277675805,0.003375194140294681,0.06485208980320614
model_outer8.pt,sidtd,templates,2222,1000,1222,0.5415223886643687,0.4933445171849427,0.5010425531914894,0.7018688816374963,0.38262130009181433,0.5504885993485342,0.9680851063829787,"[34, 966, 39, 1183]",0.004004831668656066,0.007179624010639415,0.4677106601755409,0.9363566922344795,0.004004831575328876,0.002105584264006375,0.040867688701205405
model_outer9.pt,sidtd,templates,2222,1000,1222,0.5594225960708161,0.5043117839607201,0.501265139116203,0.687960687960688,0.4163709163709164,0.5506391347099312,0.9165302782324058,"[86, 914, 102, 1120]",0.006344637257565135,0.010899173225830106,0.4700658185623967,0.9398388052011413,0.006344637159503086,0.003345008114305716,0.06144804657760818
model_seg_only_seed42.pt,sidtd,templates,2222,1000,1222,0.5316583693806043,0.4935822422258593,0.5,0.0,0.31036623215394166,0.0,0.0,"[1000, 0, 1222, 0]",0.007124974131195698,0.01441212229735838,0.4812801767662483,0.96199473465767,0.007124973984963232,0.0038693091024877492,0.04492625029439622
model_seg_only_seed43.pt,sidtd,templates,2222,1000,1222,0.551933281653461,0.49174877250409166,0.5,0.7096399535423926,0.3548199767711963,0.54995499549955,1.0,"[0, 1000, 0, 1222]",0.004775084270634449,0.007018042323683747,0.47507048599673,0.9507427871147035,0.0047750841534716015,0.002546409469713052,0.038268785224863926
model_seg_only_seed44.pt,sidtd,templates,2222,1000,1222,0.5544642399856352,0.4974476268412439,0.5,0.0,0.31036623215394166,0.0,0.0,"[1000, 0, 1222, 0]",0.0021792022001523993,0.004536983318908402,0.4603434538305456,0.9225368648923107,0.002179202122048046,0.0011357689473714743,0.0268051287949741
model_seg_only_seed45.pt,sidtd,templates,2222,1000,1222,0.5429064037068988,0.4961783960720131,0.5,0.0,0.31036623215394166,0.0,0.0,"[1000, 0, 1222, 0]",0.003979508827593016,0.00596845216026117,0.4636090546155635,0.9281259840751102,0.003979508744016768,0.0020805330722546696,0.04560267722659468
model_seg_only_seed46.pt,sidtd,templates,2222,1000,1222,0.5556538392008007,0.5108670212765958,0.5,0.0,0.31036623215394166,0.0,0.0,"[1000, 0, 1222, 0]",0.004678158356029354,0.01065036624603322,0.4661433343418051,0.9328442623079163,0.004678158267156866,0.0024532501654837735,0.05026098577586429
model_seg_only_seed47.pt,sidtd,templates,2222,1000,1222,0.5657330808930907,0.5071976268412439,0.5,0.0,0.31036623215394166,0.0,0.0,"[1000, 0, 1222, 0]",0.008521173986724268,0.02017508713772619,0.47901437480102466,0.9566937660753453,0.008521173855946246,0.0045823862537513445,0.06067029253410873
model_seg_only_seed48.pt,sidtd,templates,2222,1000,1222,0.5457023119187819,0.4907659574468085,0.5,0.0,0.31036623215394166,0.0,0.0,"[1000, 0, 1222, 0]",0.004097047650757713,0.008877410863931706,0.4674938842612138,0.9358715128904492,0.004097047558071963,0.002153264306962683,0.042113738313149955
model_seg_only_seed49.pt,sidtd,templates,2222,1000,1222,0.5585814539399591,0.5018068739770867,0.5,0.7096399535423926,0.3548199767711963,0.54995499549955,1.0,"[0, 1000, 0, 1222]",0.00420529185042314,0.009852082212934578,0.47343327593851403,0.9477533584919406,0.00420529173914102,0.0022345921323728177,0.03560963319585699
model_seg_only_seed50.pt,sidtd,templates,2222,1000,1222,0.5534714756228591,0.49990139116202953,0.5,0.7096399535423926,0.3548199767711963,0.54995499549955,1.0,"[0, 1000, 0, 1222]",0.009754558591457076,0.018490070493894884,0.4663460945503435,0.9305087405442176,0.009754558505511596,0.0051067274866856355,0.10855146047968772
model_seg_only_seed51.pt,sidtd,templates,2222,1000,1222,0.5475763689673059,0.4945871522094926,0.5,0.0,0.31036623215394166,0.0,0.0,"[1000, 0, 1222, 0]",0.0036991852079130295,0.007891064208644369,0.47231666488744284,0.9457777707627126,0.0036991851001967444,0.001961460822876046,0.03243015275746663
model_seg_only_seed52.pt,sidtd,templates,2222,1000,1222,0.5644033071664836,0.5091247954173486,0.5,0.7096399535423926,0.3548199767711963,0.54995499549955,1.0,"[0, 1000, 0, 1222]",0.010297838184936715,0.017825148527880724,0.4799880113389703,0.9577126732937316,0.0102978380515705,0.005546797973263379,0.07178067335973295
model_seg_only_seed53.pt,sidtd,templates,2222,1000,1222,0.5445163467765046,0.49935270049099834,0.5,0.7096399535423926,0.3548199767711963,0.54995499549955,1.0,"[0, 1000, 0, 1222]",0.0019147154466189768,0.004074743310950308,0.46532674190586293,0.9326872422327256,0.001914715357817347,0.0010040452955576537,0.020588573588129884
model_seg_only_seed54.pt,sidtd,templates,2222,1000,1222,0.5573569575949217,0.5008940261865793,0.5045973813420621,0.12691466083150985,0.3686965103701968,0.5838926174496645,0.07119476268412439,"[938, 62, 1135, 87]",0.00927197428810584,0.01816987817625513,0.4769887084129683,0.9522134341333405,0.009271974168053282,0.004953192573771351,0.07239137459811457
model_seg_only_seed55.pt,sidtd,templates,2222,1000,1222,0.5502992116873284,0.4989263502454992,0.5,0.7096399535423926,0.3548199767711963,0.54995499549955,1.0,"[0, 1000, 0, 1222]",0.0030753068757067245,0.006476390367134669,0.4700570905957518,0.9415690586241097,0.0030753067748928204,0.0016239851630304588,0.02892478242056768
model_seg_only_seed56.pt,sidtd,templates,2222,1000,1222,0.5344402765868463,0.49362888707037644,0.4885204582651391,0.3151862464183381,0.43621483495425983,0.5258126195028681,0.22504091653027825,"[752, 248, 947, 275]",0.005976898770226483,0.00971740044744255,0.46763626523429447,0.9351481262903943,0.0059768986785573314,0.0031393943082570937,0.062154597786139375
model_seg_only_seed57.pt,sidtd,templates,2222,1000,1222,0.5416215781593201,0.4964934533551555,0.5,0.7096399535423926,0.3548199767711963,0.54995499549955,1.0,"[0, 1000, 0, 1222]",0.004464621104749731,0.009410561639929354,0.47413526309606613,0.9490269947646237,0.004464620991036848,0.0023758733844413222,0.036943317066224016
model_seg_only_seed58.pt,sidtd,templates,2222,1000,1222,0.5530862420764271,0.5115478723404255,0.5,0.0,0.31036623215394166,0.0,0.0,"[1000, 0, 1222, 0]",0.0028500646699020503,0.004124322774490861,0.4594333400787475,0.920345683893473,0.0028500645938007037,0.0014837314090812076,0.03602041878221234
model_seg_only_seed59.pt,sidtd,templates,2222,1000,1222,0.5470930991546641,0.5000716039279869,0.5,0.0,0.31036623215394166,0.0,0.0,"[1000, 0, 1222, 0]",0.005962589559246562,0.014354384862258346,0.4781292959724567,0.9562667459808971,0.0059625894294128455,0.003204579940363308,0.04278742667477272
model_seg_only_seed60.pt,sidtd,templates,2222,1000,1222,0.5341013291110688,0.48221031096563016,0.5,0.0,0.31036623215394166,0.0,0.0,"[1000, 0, 1222, 0]",0.008921521632963189,0.022287693142815583,0.4749266170690809,0.9482457818706164,0.008921521520997618,0.004742637585549958,0.0750532651976972
model_seg_only_seed61.pt,sidtd,templates,2222,1000,1222,0.5542072828804789,0.5027823240589198,0.5,0.7096399535423926,0.3548199767711963,0.54995499549955,1.0,"[0, 1000, 0, 1222]",0.003984843197016183,0.006450300814207317,0.45904985179037394,0.9189593466395481,0.003984843122156293,0.002073040664640683,0.05123317833023861
model_seg_only_seed62.pt,sidtd,templates,2222,1000,1222,0.562898412061128,0.5057921440261866,0.5,0.0,0.31036623215394166,0.0,0.0,"[1000, 0, 1222, 0]",0.004741868328558748,0.007926372865992947,0.46802195407737995,0.936587322500229,0.004741868234958401,0.0024934860066810984,0.048239920690995995
model_seg_only_seed63.pt,sidtd,templates,2222,1000,1222,0.5451257366604794,0.4992107201309329,0.5,0.7096399535423926,0.3548199767711963,0.54995499549955,1.0,"[0, 1000, 0, 1222]",0.0030524879524203184,0.0062384868570892595,0.4700320215805449,0.9415308497159052,0.0030524878516642044,0.0016118801560189354,0.028727605339117116
model_seg_only_seed64.pt,sidtd,templates,2222,1000,1222,0.5525049418838095,0.4939153027823241,0.5,0.0,0.31036623215394166,0.0,0.0,"[1000, 0, 1222, 0]",0.007031645196489791,0.015577140461679797,0.4746537395879244,0.9487049006875246,0.007031645083541732,0.0037402027224830744,0.0586054103200292
model_seg_only_seed65.pt,sidtd,templates,2222,1000,1222,0.5378502226819223,0.48486415711947634,0.5,0.0,0.31036623215394166,0.0,0.0,"[1000, 0, 1222, 0]",0.0031107061080863797,0.006210469265514212,0.47157515333891953,0.9446004756514137,0.00311070600237371,0.0016474547399959974,0.027821138478559656
model_seg_only_seed66.pt,sidtd,templates,2222,1000,1222,0.5466451594702625,0.49040180032733216,0.5,0.7096399535423926,0.3548199767711963,0.54995499549955,1.0,"[0, 1000, 0, 1222]",0.005752521230944367,0.009554204324103473,0.4698722772980205,0.9397668147947268,0.005752521132959826,0.0030326956495317346,0.05576003549187451
model_seg_only_seed67.pt,sidtd,templates,2222,1000,1222,0.5456117580968773,0.5039369885433715,0.5,0.7096399535423926,0.3548199767711963,0.54995499549955,1.0,"[0, 1000, 0, 1222]",0.0033818278010146513,0.00671378301868055,0.4653940819688039,0.932035216123029,0.0033818277130481505,0.0017725209686415384,0.036726969990743534
model_seg_only_seed68.pt,sidtd,templates,2222,1000,1222,0.5549592115963166,0.5013629296235679,0.5,0.7096399535423926,0.3548199767711963,0.54995499549955,1.0,"[0, 1000, 0, 1222]",0.0022642224455417395,0.004749377980557827,0.4611739681512324,0.9241589887248446,0.002264222365908614,0.0011811040419214898,0.027292594357449112
model_seg_only_seed69.pt,sidtd,templates,2222,1000,1222,0.5461921717410273,0.4956665302782324,0.5,0.0,0.31036623215394166,0.0,0.0,"[1000, 0, 1222, 0]",0.006875803766696516,0.0168237806146937,0.4632795281163026,0.9258961352292271,0.006875803685534884,0.003589799683660095,0.08124791183993581
model_seg_only_seed70.pt,sidtd,templates,2222,1000,1222,0.5483299444715771,0.5025646481178396,0.5,0.0,0.31036623215394166,0.0,0.0,"[1000, 0, 1222, 0]",0.008084732362767072,0.013670276224822643,0.47513408788942846,0.9491105396312677,0.008084732249084027,0.004302260046661958,0.06691697201728568
model_seg_only_seed71.pt,sidtd,templates,2222,1000,1222,0.5516764605126578,0.5083293780687398,0.5,0.0,0.31036623215394166,0.0,0.0,"[1000, 0, 1222, 0]",0.003544768757081622,0.006293801952054597,0.4723484489965286,0.9459237223129171,0.00354476864909999,0.0018798809552678687,0.03099514177579862
model_unweighted_losses_seed42.pt,sidtd,templates,2222,1000,1222,0.5525587494703922,0.5066808510638298,0.5092045826513911,0.6388018112156043,0.4897759850737907,0.5560946027895695,0.7504091653027823,"[268, 732, 305, 917]",0.010816594523817386,0.020447662922551697,0.4812790576668556,0.9600403840983343,0.010816594383890016,0.005850428987429368,0.07156432628425248
model_unweighted_losses_seed43.pt,sidtd,templates,2222,1000,1222,0.5539089541087552,0.508018821603928,0.507708674304419,0.6536650975117687,0.4764924127014626,0.5547945205479452,0.795417348608838,"[220, 780, 250, 972]",0.007879607356629,0.013564415531058017,0.47434716391555226,0.9476353482182257,0.0078796072457604,0.004185996446326715,0.06698817485225393
model_unweighted_losses_seed44.pt,sidtd,templates,2222,1000,1222,0.5624557485851035,0.5132242225859247,0.5023052373158756,0.6711495357028499,0.4468541016894264,0.5512887953708574,0.8576104746317512,"[147, 853, 174, 1048]",0.007170569559301177,0.013158581364190887,0.47551336226705393,0.950361318949914,0.007170569443058029,0.0038217140248344586,0.05795363052301205
model_unweighted_losses_seed45.pt,sidtd,templates,2222,1000,1222,0.5609309719128669,0.5138629296235679,0.4974787234042553,0.6391259815636736,0.47071810629338795,0.5483304042179262,0.7659574468085106,"[229, 771, 286, 936]",0.008070026382401313,0.013883537417305643,0.47289708838723166,0.9446134789185724,0.008070026276914456,0.00427337775446011,0.07233934175717623
model_unweighted_losses_seed46.pt,sidtd,templates,2222,1000,1222,0.5861624876649805,0.515857201309329,0.5061006546644844,0.579914028917546,0.5048111258646085,0.5549738219895288,0.6072013093289689,"[405, 595, 480, 742]",0.009744502002286283,0.017122060042394992,0.47633835942629954,0.9506507203837002,0.00974450188558768,0.005194987067859903,0.07842718414696244
model_unweighted_losses_seed47.pt,sidtd,templates,2222,1000,1222,0.5561074402339882,0.5046170212765957,0.5046644844517185,0.656924609764198,0.46802964612424836,0.5528228060368922,0.809328968903437,"[200, 800, 233, 989]",0.010847737132788917,0.02151512010460775,0.48169690871765325,0.9608665100071434,0.010847736990365273,0.005876621803142427,0.070400433789579
model_unweighted_losses_seed48.pt,sidtd,templates,2222,1000,1222,0.5648284460161589,0.5206779869067103,0.5051121112929624,0.6307638155579022,0.48818290590746016,0.5534280420012353,0.7332242225859247,"[277, 723, 326, 896]",0.004448113322589081,0.0109841039281446,0.47452849887994464,0.9498263852362506,0.004448113207285762,0.002369368477951829,0.036264151563449844
model_unweighted_losses_seed49.pt,sidtd,templates,2222,1000,1222,0.5547957731580508,0.5090765139116203,0.5031153846153846,0.6427350427350428,0.47739122117002303,0.551967116852613,0.7692307692307693,"[237, 763, 282, 940]",0.005619823760390915,0.01025077674100056,0.47421069184176834,0.9485649513374549,0.005619823647638384,0.0029888876523617527,0.04692540681465889
model_unweighted_losses_seed50.pt,sidtd,templates,2222,1000,1222,0.5646971589517644,0.5188412438625204,0.5092111292962357,0.6631474760805015,0.47028569840826207,0.5555555555555556,0.8224222585924713,"[196, 804, 217, 1005]",0.006949376644561672,0.01578196833624415,0.47781138891924857,0.9551046858393557,0.006949376517689237,0.0037280573005342562,0.05112637407778622
model_unweighted_losses_seed51.pt,sidtd,templates,2222,1000,1222,0.5696121050011212,0.5116812602291326,0.5069238952536825,0.6042521447221186,0.5012185284018988,0.5551747772446881,0.662847790507365,"[351, 649, 412, 810]",0.009223837645601076,0.0178513766393046,0.47532974510704745,0.948896395168587,0.009223837532397826,0.004907008818562805,0.07669093040196719
model_unweighted_losses_seed52.pt,sidtd,templates,2222,1000,1222,0.5723612187276954,0.5223322422258593,0.5027135842880524,0.6688144329896907,0.4508251269426065,0.5515409139213603,0.8494271685761048,"[156, 844, 184, 1038]",0.008771217245284643,0.016827841018511366,0.4763128064034911,0.9511185950337886,0.008771217127555384,0.00467904235746337,0.06993213822113391
model_unweighted_losses_seed53.pt,sidtd,templates,2222,1000,1222,0.5547676735317906,0.5102094926350245,0.5072954173486088,0.6376609815523843,0.4875128586947154,0.5548152634766808,0.7495908346972177,"[265, 735, 306, 916]",0.004596165885363234,0.008106935998287186,0.46836685005498335,0.9373589156761791,0.0045961657907180485,0.00241834138897778,0.04621337846497629
model_unweighted_losses_seed54.pt,sidtd,templates,2222,1000,1222,0.5819892344803161,0.5171395253682488,0.5084378068739771,0.660702451954937,0.4713049426675106,0.5551224944320713,0.8158756137479541,"[201, 799, 225, 997]",0.008231352145273763,0.01682975082198922,0.476339467859573,0.9514599645422052,0.008231352026791148,0.004393065376217939,0.06518071827229042
model_unweighted_losses_seed55.pt,sidtd,templates,2222,1000,1222,0.5490257283247195,0.501259410801964,0.5008518821603928,0.6744849445324881,0.43887164216539065,0.5504397309881014,0.8707037643207856,"[131, 869, 158, 1064]",0.006432902136642625,0.014293912919590335,0.47726534551413236,0.9542793608238179,0.006432902011723764,0.0034468210220580456,0.0481249007268165
model_unweighted_losses_seed56.pt,sidtd,templates,2222,1000,1222,0.5496079198444593,0.5007675941080196,0.5001661211129296,0.6607843137254902,0.4553921568627451,0.5500544069640914,0.8273322422258592,"[173, 827, 211, 1011]",0.01035186800122324,0.017729293736789234,0.47694400954751237,0.9515471089291698,0.010351867882672713,0.0055250129010547275,0.08192160020155857
model_unweighted_losses_seed57.pt,sidtd,templates,2222,1000,1222,0.5707956285914484,0.529018821603928,0.5174689034369886,0.6070215175537939,0.5135386139301003,0.5634197617379118,0.6579378068739771,"[377, 623, 418, 804]",0.00674953865892112,0.013426745313885892,0.48622607770455406,0.9721480816023496,0.006749538470411966,0.0037714204417618577,0.03208783143550384
model_unweighted_losses_seed58.pt,sidtd,templates,2222,1000,1222,0.5556135392687046,0.5027279050736497,0.501879705400982,0.6076414401175606,0.49371619044205556,0.5513333333333333,0.676759410801964,"[327, 673, 395, 827]",0.002943161014351572,0.00578573861688024,0.47868775047127843,0.9589803793566861,0.002943160877005203,0.001589276675415427,0.019871068097295882
model_unweighted_losses_seed59.pt,sidtd,templates,2222,1000,1222,0.5403840317642694,0.4882495908346972,0.49143207855973814,0.6318681318681318,0.466064614236938,0.5443786982248521,0.7528641571194763,"[230, 770, 302, 920]",0.009705877357128342,0.02213532153713019,0.4872721165541324,0.9727093188107566,0.0097058771658236,0.0054340839387237334,0.04537811443938709
model_unweighted_losses_seed60.pt,sidtd,templates,2222,1000,1222,0.571042916244705,0.5040499181669394,0.49978068739770865,0.5680379746835443,0.4990503025818557,0.5497702909647779,0.5875613747954174,"[412, 588, 504, 718]",0.005439560287124771,0.011002146751384192,0.4740578420608045,0.9483533535354012,0.005439560174769501,0.002892321986598514,0.045591722944291875
model_unweighted_losses_seed61.pt,sidtd,templates,2222,1000,1222,0.5666566666053225,0.5192663666121113,0.5048109656301146,0.6906077348066298,0.4203460259193352,0.5525540275049116,0.9206219312602292,"[89, 911, 97, 1125]",0.005671748844389471,0.00915686720956194,0.4681916934839137,0.9364295105305677,0.005671748751040096,0.0029820231804351953,0.057863257694013875
model_unweighted_losses_seed62.pt,sidtd,templates,2222,1000,1222,0.584691049665875,0.5209112111292963,0.4980229132569558,0.6344494304452882,0.4749493435355077,0.5486567164179105,0.7520458265139116,"[244, 756, 303, 919]",0.004679241342642022,0.011333333303267704,0.4691938457106959,0.9389772060195715,0.0046792412457465635,0.002465293698577502,0.04589570427819483
model_unweighted_losses_seed63.pt,sidtd,templates,2222,1000,1222,0.5444501763323836,0.4985842880523732,0.4943494271685761,0.6634491634491635,0.4402575158563183,0.546659597030753,0.8436988543371522,"[145, 855, 191, 1031]",0.00822820070024166,0.01913514271786227,0.4700823823088004,0.9388603025983552,0.008228200603675953,0.004334253986169837,0.08099596334697119
model_unweighted_losses_seed64.pt,sidtd,templates,2222,1000,1222,0.5584229295200771,0.5064734042553192,0.5021227495908347,0.6688123591889282,0.44958942566776255,0.5511936339522546,0.8502454991816694,"[154, 846, 183, 1039]",0.012541408254962671,0.02241021570620539,0.47367263848875246,0.9437738008157557,0.012541408151098379,0.006634742572242571,0.11428602726520834
model_unweighted_losses_seed65.pt,sidtd,templates,2222,1000,1222,0.5571594624551749,0.49975859247135845,0.49234697217675943,0.653997378768021,0.4476883445564243,0.5453551912568306,0.8166939443535188,"[168, 832, 224, 998]",0.007137747737948338,0.01499769078497508,0.4700187736684753,0.93931848553998,0.007137747640677668,0.003761404064473361,0.06972400685738053
model_unweighted_losses_seed66.pt,sidtd,templates,2222,1000,1222,0.570467103280586,0.5123731587561374,0.5074418985270049,0.6743589743589744,0.45349368657525757,0.5542676501580611,0.8608837970540099,"[154, 846, 170, 1052]",0.005772074020376782,0.01026136668443758,0.4695767389523422,0.9391618164180205,0.005772073923267876,0.003041441464823093,0.05648301812385992
model_unweighted_losses_seed67.pt,sidtd,templates,2222,1000,1222,0.5497570406820944,0.4936812602291326,0.4977021276595745,0.6238532110091743,0.48087070488346917,0.5483870967741935,0.723404255319149,"[272, 728, 338, 884]",0.008390864527510663,0.014079325342990405,0.4757795064929682,0.9502471421653408,0.008390864411567889,0.0044712823822254995,0.0680041845358395
model_unweighted_losses_seed68.pt,sidtd,templates,2222,1000,1222,0.5547941697743908,0.5046121112929625,0.5026743044189853,0.6887864823348694,0.4184050157679393,0.5514018691588785,0.9173486088379705,"[88, 912, 101, 1121]",0.002163798608555231,0.0033272566180426177,0.46554242702341714,0.9329869112982265,0.0021637985194041752,0.0011348894056243085,0.02317104564101715
model_unweighted_losses_seed69.pt,sidtd,templates,2222,1000,1222,0.5578280310574859,0.519252045826514,0.521005728314239,0.5660222130810366,0.5209644100675923,0.5690653432588917,0.563011456628478,"[479, 521, 534, 688]",0.009408738997148133,0.02166562346640956,0.47604585220336815,0.9502405640419547,0.009408738881274324,0.0050134729663468235,0.07630205338021745
model_unweighted_losses_seed70.pt,sidtd,templates,2222,1000,1222,0.5552405389198406,0.5053985270049101,0.5016227495908346,0.6685971685971686,0.4488195423824166,0.5509013785790032,0.8502454991816694,"[153, 847, 183, 1039]",0.006603807805692427,0.01513931392525499,0.4790546693206551,0.9577899999890215,0.0066038076718875445,0.0035580346919535173,0.045868318572437804
model_unweighted_losses_seed71.pt,sidtd,templates,2222,1000,1222,0.5585698805020602,0.5047074468085107,0.5025998363338788,0.5742340926944226,0.5015532950300353,0.5521148036253777,0.5981996726677578,"[407, 593, 491, 731]",0.011139180624601598,0.020941625613987887,0.4799210242777451,0.9571301719190297,0.011139180492841932,0.005993937416174178,0.07867091692819994
